item_key,expansion,rareza,nombre_carta,numero_carta,precio_anterior,precio_actual,diferencia_precio,porcentaje_variacion,estado_variacion,precio_referencia,margen_estimado,porcentaje_margen,clasificacion_oportunidad,estado_scraping,mensaje_error,timestamp_ejecucion,url_carta
ME04: Chaos Rising|Ultra Rare|AZ's Tranquility|106/086,ME04: Chaos Rising,Ultra Rare,AZ's Tranquility,106/086,2.13,1.96,-0.16999999999999993,-0.07981220657276993,BAJO,,,,SIN_REFERENCIA,OK,,2026-07-29 16:34:21,https://www.tcgplayer.com/product/693450/pokemon-me04-chaos-rising-azs-tranquility-106-086?Condition=Near+Mint&Printing=Holofoil&page=1
ME04: Chaos Rising|Special Illustration Rare|AZ's Tranquility|120/086,ME04: Chaos Rising,Special Illustration Rare,AZ's Tranquility,120/086,29.22,28.98,-0.23999999999999844,-0.00821355236139625,BAJO,,,,SIN_REFERENCIA,OK,,2026-07-29 16:34:21,https://www.tcgplayer.com/product/693451/pokemon-me04-chaos-rising-azs-tranquility-120-086?Condition=Near+Mint&Printing=Holofoil&page=1
ME01: Mega Evolution|Ultra Rare|Acerola's Mischief|165/132,ME01: Mega Evolution,Ultra Rare,Acerola's Mischief,165/132,1.81,1.8,-0.010000000000000009,-0.005524861878453044,BAJO,,,,SIN_REFERENCIA,OK,,2026-07-29 16:34:21,https://www.tcgplayer.com/product/654504/pokemon-me01-mega-evolution-acerolas-mischief-165-132?Condition=Near+Mint&Printing=Holofoil&page=1
ME01: Mega Evolution|Special Illustration Rare|Acerola's Mischief|183/132,ME01: Mega Evolution,Special Illustration Rare,Acerola's Mischief,183/132,32.79,32.66,-0.13000000000000256,-0.003964623360780804,BAJO,,,,SIN_REFERENCIA,OK,,2026-07-29 16:34:21,https://www.tcgplayer.com/product/654522/pokemon-me01-mega-evolution-acerolas-mischief-183-132?Condition=Near+Mint&Printing=Holofoil&page=1
SV09: Journey Together|Double Rare|Alcremie ex|075/159,SV09: Journey Together,Double Rare,Alcremie ex,075/159,0.85,0.81,-0.039999999999999925,-0.047058823529411674,BAJO,,,,SIN_REFERENCIA,OK,,2026-07-29 16:34:21,https://www.tcgplayer.com/product/623502/pokemon-sv09-journey-together-alcremie-ex?Condition=Near+Mint&Printing=Holofoil&page=1
ME04: Chaos Rising|Illustration Rare|Ampharos|090/086,ME04: Chaos Rising,Illustration Rare,Ampharos,090/086,7.83,7.72,-0.11000000000000032,-0.01404853128991064,BAJO,,,,SIN_REFERENCIA,OK,,2026-07-29 16:34:21,https://www.tcgplayer.com/product/693446/pokemon-me04-chaos-rising-ampharos-090-086?Condition=Near+Mint&Printing=Holofoil&page=1
SV10: Destined Rivals|Ultra Rare|Arboliva ex|207/182,SV10: Destined Rivals,Ultra Rare,Arboliva ex,207/182,2.34,2.29,-0.04999999999999982,-0.02136752136752129,BAJO,,,,SIN_REFERENCIA,OK,,2026-07-29 16:34:21,https://www.tcgplayer.com/product/633007/pokemon-sv10-destined-rivals-arboliva-ex-207-182?Condition=Near+Mint&Printing=Holofoil&page=1
SV10: Destined Rivals|Illustration Rare|Arven's Greedent|205/182,SV10: Destined Rivals,Illustration Rare,Arven's Greedent,205/182,4.0,3.89,-0.10999999999999988,-0.02749999999999997,BAJO,,,,SIN_REFERENCIA,OK,,2026-07-29 16:34:21,https://www.tcgplayer.com/product/633005/pokemon-sv10-destined-rivals-arvens-greedent-205-182?Condition=Near+Mint&Printing=Holofoil&page=1
SV10: Destined Rivals|Double Rare|Arven's Mabosstiff ex|139/182,SV10: Destined Rivals,Double Rare,Arven's Mabosstiff ex,139/182,0.6,0.58,-0.020000000000000018,-0.03333333333333337,BAJO,,,,SIN_REFERENCIA,OK,,2026-07-29 16:34:21,https://www.tcgplayer.com/product/632946/pokemon-sv10-destined-rivals-arvens-mabosstiff-ex-139-182?Condition=Near+Mint&Printing=Holofoil&page=1
SV: Black Bolt|Illustration Rare|Audino|151/086,SV: Black Bolt,Illustration Rare,Audino,151/086,43.05,43.03,-0.01999999999999602,-0.0004645760743320795,BAJO,,,,SIN_REFERENCIA,OK,,2026-07-29 16:34:21,https://www.tcgplayer.com/product/642605/pokemon-sv-black-bolt-audino-151-086?Condition=Near+Mint&Printing=Holofoil&page=1
ME: Ascended Heroes|Illustration Rare|Banette|234/217,ME: Ascended Heroes,Illustration Rare,Banette,234/217,11.78,11.63,-0.14999999999999858,-0.012733446519524499,BAJO,,,,SIN_REFERENCIA,OK,,2026-07-29 16:34:21,https://www.tcgplayer.com/product/676046/pokemon-me-ascended-heroes-banette-234-217?Condition=Near+Mint&Printing=Holofoil&page=1
ME02: Phantasmal Flames|Ultra Rare|Battle Cage|116/094,ME02: Phantasmal Flames,Ultra Rare,Battle Cage,116/094,1.09,1.08,-0.010000000000000009,-0.009174311926605512,BAJO,,,,SIN_REFERENCIA,OK,,2026-07-29 16:34:21,https://www.tcgplayer.com/product/662131/pokemon-me02-phantasmal-flames-battle-cage-116-094?Condition=Near+Mint&Printing=Holofoil&page=1
ME04: Chaos Rising|Ultra Rare|Beedrill ex|098/086,ME04: Chaos Rising,Ultra Rare,Beedrill ex,098/086,3.54,3.31,-0.22999999999999998,-0.06497175141242938,BAJO,,,,SIN_REFERENCIA,OK,,2026-07-29 16:34:21,https://www.tcgplayer.com/product/693454/pokemon-me04-chaos-rising-beedrill-ex-098-086?Condition=Near+Mint&Printing=Holofoil&page=1
ME02: Phantasmal Flames|Ultra Rare|Blowtorch|117/094,ME02: Phantasmal Flames,Ultra Rare,Blowtorch,117/094,0.66,0.62,-0.040000000000000036,-0.060606060606060656,BAJO,,,,SIN_REFERENCIA,OK,,2026-07-29 16:34:21,https://www.tcgplayer.com/product/662133/pokemon-me02-phantasmal-flames-blowtorch-117-094?Condition=Near+Mint&Printing=Holofoil&page=1
SV: White Flare|Illustration Rare|Boldore|128/086,SV: White Flare,Illustration Rare,Boldore,128/086,6.29,6.21,-0.08000000000000007,-0.012718600953895083,BAJO,,,,SIN_REFERENCIA,OK,,2026-07-29 16:34:21,https://www.tcgplayer.com/product/642241/pokemon-sv-white-flare-boldore-128-086?Condition=Near+Mint&Printing=Holofoil&page=1
SV: White Flare|Double Rare|Bouffalant ex|077/086,SV: White Flare,Double Rare,Bouffalant ex,077/086,0.6,0.57,-0.030000000000000027,-0.050000000000000044,BAJO,,,,SIN_REFERENCIA,OK,,2026-07-29 16:34:21,https://www.tcgplayer.com/product/642190/pokemon-sv-white-flare-bouffalant-ex?Condition=Near+Mint&Printing=Holofoil&page=1
ME01: Mega Evolution|Illustration Rare|Bulbasaur|133/132,ME01: Mega Evolution,Illustration Rare,Bulbasaur,133/132,20.59,20.03,-0.5599999999999987,-0.027197668771248115,BAJO,,,,SIN_REFERENCIA,OK,,2026-07-29 16:34:21,https://www.tcgplayer.com/product/654472/pokemon-me01-mega-evolution-bulbasaur-133-132?Condition=Near+Mint&Printing=Holofoil&page=1
ME: Ascended Heroes|Special Illustration Rare|Canari|291/217,ME: Ascended Heroes,Special Illustration Rare,Canari,291/217,41.17,41.05,-0.12000000000000455,-0.002914743745445823,BAJO,,,,SIN_REFERENCIA,OK,,2026-07-29 16:34:21,https://www.tcgplayer.com/product/676103/pokemon-me-ascended-heroes-canari-291-217?Condition=Near+Mint&Printing=Holofoil&page=1
ME: Ascended Heroes|Illustration Rare|Carbink|242/217,ME: Ascended Heroes,Illustration Rare,Carbink,242/217,5.63,5.44,-0.1899999999999995,-0.033747779751332065,BAJO,,,,SIN_REFERENCIA,OK,,2026-07-29 16:34:21,https://www.tcgplayer.com/product/676054/pokemon-me-ascended-heroes-carbink-242-217?Condition=Near+Mint&Printing=Holofoil&page=1
ME04: Chaos Rising|Illustration Rare|Chespin|087/086,ME04: Chaos Rising,Illustration Rare,Chespin,087/086,4.67,4.59,-0.08000000000000007,-0.01713062098501072,BAJO,,,,SIN_REFERENCIA,OK,,2026-07-29 16:34:21,https://www.tcgplayer.com/product/693462/pokemon-me04-chaos-rising-chespin-087-086?Condition=Near+Mint&Printing=Holofoil&page=1
ME04: Chaos Rising|Ultra Rare|Cinccino ex|105/086,ME04: Chaos Rising,Ultra Rare,Cinccino ex,105/086,4.69,4.66,-0.03000000000000025,-0.006396588486140778,BAJO,,,,SIN_REFERENCIA,OK,,2026-07-29 16:34:21,https://www.tcgplayer.com/product/693464/pokemon-me04-chaos-rising-cinccino-ex-105-086?Condition=Near+Mint&Printing=Holofoil&page=1
ME: Ascended Heroes|Double Rare|Cinderace ex|038/217,ME: Ascended Heroes,Double Rare,Cinderace ex,038/217,0.6,0.58,-0.020000000000000018,-0.03333333333333337,BAJO,,,,SIN_REFERENCIA,OK,,2026-07-29 16:34:21,https://www.tcgplayer.com/product/675850/pokemon-me-ascended-heroes-cinderace-ex?Condition=Near+Mint&Printing=Holofoil&page=1
SV10: Destined Rivals|Illustration Rare|Clamperl|195/182,SV10: Destined Rivals,Illustration Rare,Clamperl,195/182,4.92,4.77,-0.15000000000000036,-0.030487804878048853,BAJO,,,,SIN_REFERENCIA,OK,,2026-07-29 16:34:21,https://www.tcgplayer.com/product/632995/pokemon-sv10-destined-rivals-clamperl-195-182?Condition=Near+Mint&Printing=Holofoil&page=1
ME01: Mega Evolution|Illustration Rare|Clawitzer|141/132,ME01: Mega Evolution,Illustration Rare,Clawitzer,141/132,2.02,2.0,-0.020000000000000018,-0.00990099009900991,BAJO,,,,SIN_REFERENCIA,OK,,2026-07-29 16:34:21,https://www.tcgplayer.com/product/654480/pokemon-me01-mega-evolution-clawitzer-141-132?Condition=Near+Mint&Printing=Holofoil&page=1
SV: White Flare|Illustration Rare|Cottonee|090/086,SV: White Flare,Illustration Rare,Cottonee,090/086,10.13,10.07,-0.0600000000000005,-0.00592300098716688,BAJO,,,,SIN_REFERENCIA,OK,,2026-07-29 16:34:21,https://www.tcgplayer.com/product/642205/pokemon-sv-white-flare-cottonee-090-086?Condition=Near+Mint&Printing=Holofoil&page=1
SV10: Destined Rivals|Illustration Rare|Crustle|186/182,SV10: Destined Rivals,Illustration Rare,Crustle,186/182,3.92,3.55,-0.3700000000000001,-0.09438775510204085,BAJO,,,,SIN_REFERENCIA,OK,,2026-07-29 16:34:21,https://www.tcgplayer.com/product/632986/pokemon-sv10-destined-rivals-crustle-186-182?Condition=Near+Mint&Printing=Holofoil&page=1
SV: Black Bolt|Illustration Rare|Cryogonal|111/086,SV: Black Bolt,Illustration Rare,Cryogonal,111/086,9.25,9.23,-0.019999999999999574,-0.0021621621621621162,BAJO,,,,SIN_REFERENCIA,OK,,2026-07-29 16:34:21,https://www.tcgplayer.com/product/642564/pokemon-sv-black-bolt-cryogonal-111-086?Condition=Near+Mint&Printing=Holofoil&page=1
SV10: Destined Rivals|Double Rare|Cynthia's Garchomp ex|104/182,SV10: Destined Rivals,Double Rare,Cynthia's Garchomp ex,104/182,0.91,0.84,-0.07000000000000006,-0.07692307692307698,BAJO,,,,SIN_REFERENCIA,OK,,2026-07-29 16:34:21,https://www.tcgplayer.com/product/632912/pokemon-sv10-destined-rivals-cynthias-garchomp-ex-104-182?Condition=Near+Mint&Printing=Holofoil&page=1
SV10: Destined Rivals|Ultra Rare|Cynthia's Garchomp ex|215/182,SV10: Destined Rivals,Ultra Rare,Cynthia's Garchomp ex,215/182,4.26,4.23,-0.02999999999999936,-0.007042253521126611,BAJO,,,,SIN_REFERENCIA,OK,,2026-07-29 16:34:21,https://www.tcgplayer.com/product/633015/pokemon-sv10-destined-rivals-cynthias-garchomp-ex-215-182?Condition=Near+Mint&Printing=Holofoil&page=1
SV10: Destined Rivals|Special Illustration Rare|Cynthia's Garchomp ex|232/182,SV10: Destined Rivals,Special Illustration Rare,Cynthia's Garchomp ex,232/182,261.91,261.52,-0.3900000000000432,-0.0014890611278685166,BAJO,,,,SIN_REFERENCIA,OK,,2026-07-29 16:34:21,https://www.tcgplayer.com/product/633032/pokemon-sv10-destined-rivals-cynthias-garchomp-ex-232-182?Condition=Near+Mint&Printing=Holofoil&page=1
ME: Ascended Heroes|Illustration Rare|Cynthia's Spiritomb|244/217,ME: Ascended Heroes,Illustration Rare,Cynthia's Spiritomb,244/217,10.13,10.03,-0.10000000000000142,-0.009871668311944859,BAJO,,,,SIN_REFERENCIA,OK,,2026-07-29 16:34:21,https://www.tcgplayer.com/product/676056/pokemon-me-ascended-heroes-cynthias-spiritomb-244-217?Condition=Near+Mint&Printing=Holofoil&page=1
ME03: Perfect Order|Double Rare|Decidueye ex|012/088,ME03: Perfect Order,Double Rare,Decidueye ex,012/088,0.55,0.5,-0.050000000000000044,-0.09090909090909098,BAJO,,,,SIN_REFERENCIA,OK,,2026-07-29 16:34:21,https://www.tcgplayer.com/product/684370/pokemon-me03-perfect-order-decidueye-ex-012-088?Condition=Near+Mint&Printing=Holofoil&page=1
ME03: Perfect Order|Ultra Rare|Decidueye ex|100/088,ME03: Perfect Order,Ultra Rare,Decidueye ex,100/088,1.9,1.8,-0.09999999999999987,-0.052631578947368356,BAJO,,,,SIN_REFERENCIA,OK,,2026-07-29 16:34:21,https://www.tcgplayer.com/product/684371/pokemon-me03-perfect-order-decidueye-ex-100-088?Condition=Near+Mint&Printing=Holofoil&page=1
SV10: Destined Rivals|Double Rare|Dondozo ex|066/182,SV10: Destined Rivals,Double Rare,Dondozo ex,066/182,0.52,0.46,-0.06,-0.11538461538461538,BAJO,,,,SIN_REFERENCIA,OK,,2026-07-29 16:34:21,https://www.tcgplayer.com/product/632879/pokemon-sv10-destined-rivals-dondozo-ex-066-182?Condition=Near+Mint&Printing=Holofoil&page=1
ME: Ascended Heroes|Illustration Rare|Drakloak|248/217,ME: Ascended Heroes,Illustration Rare,Drakloak,248/217,5.55,5.36,-0.1899999999999995,-0.03423423423423415,BAJO,,,,SIN_REFERENCIA,OK,,2026-07-29 16:34:21,https://www.tcgplayer.com/product/676060/pokemon-me-ascended-heroes-drakloak-248-217?Condition=Near+Mint&Printing=Holofoil&page=1
ME: Ascended Heroes|Illustration Rare|Dreepy|247/217,ME: Ascended Heroes,Illustration Rare,Dreepy,247/217,7.79,7.77,-0.020000000000000462,-0.0025673940949936407,BAJO,,,,SIN_REFERENCIA,OK,,2026-07-29 16:34:21,https://www.tcgplayer.com/product/676059/pokemon-me-ascended-heroes-dreepy-247-217?Condition=Near+Mint&Printing=Holofoil&page=1
SV09: Journey Together|Double Rare|Dudunsparce ex|121/159,SV09: Journey Together,Double Rare,Dudunsparce ex,121/159,0.76,0.75,-0.010000000000000009,-0.013157894736842117,BAJO,,,,SIN_REFERENCIA,OK,,2026-07-29 16:34:21,https://www.tcgplayer.com/product/623548/pokemon-sv09-journey-together-dudunsparce-ex-121-159?Condition=Near+Mint&Printing=Holofoil&page=1
SV09: Journey Together|Ultra Rare|Dudunsparce ex|178/159,SV09: Journey Together,Ultra Rare,Dudunsparce ex,178/159,1.46,1.36,-0.09999999999999987,-0.06849315068493142,BAJO,,,,SIN_REFERENCIA,OK,,2026-07-29 16:34:21,https://www.tcgplayer.com/product/623605/pokemon-sv09-journey-together-dudunsparce-ex-178-159?Condition=Near+Mint&Printing=Holofoil&page=1
SV: White Flare|Illustration Rare|Durant|150/086,SV: White Flare,Illustration Rare,Durant,150/086,13.8,13.79,-0.010000000000001563,-0.0007246376811595335,BAJO,,,,SIN_REFERENCIA,OK,,2026-07-29 16:34:21,https://www.tcgplayer.com/product/642264/pokemon-sv-white-flare-durant-150-086?Condition=Near+Mint&Printing=Holofoil&page=1
ME: Ascended Heroes|Illustration Rare|Dustox|220/217,ME: Ascended Heroes,Illustration Rare,Dustox,220/217,3.85,3.74,-0.10999999999999988,-0.02857142857142854,BAJO,,,,SIN_REFERENCIA,OK,,2026-07-29 16:34:21,https://www.tcgplayer.com/product/676032/pokemon-me-ascended-heroes-dustox-220-217?Condition=Near+Mint&Printing=Holofoil&page=1
SV10: Destined Rivals|Double Rare|Electivire ex|069/182,SV10: Destined Rivals,Double Rare,Electivire ex,069/182,0.69,0.59,-0.09999999999999998,-0.14492753623188404,BAJO,,,,SIN_REFERENCIA,OK,,2026-07-29 16:34:21,https://www.tcgplayer.com/product/632882/pokemon-sv10-destined-rivals-electivire-ex-069-182?Condition=Near+Mint&Printing=Holofoil&page=1
ME04: Chaos Rising|Ultra Rare|Emma|107/086,ME04: Chaos Rising,Ultra Rare,Emma,107/086,2.72,2.7,-0.020000000000000018,-0.007352941176470594,BAJO,,,,SIN_REFERENCIA,OK,,2026-07-29 16:34:21,https://www.tcgplayer.com/product/693480/pokemon-me04-chaos-rising-emma-107-086?Condition=Near+Mint&Printing=Holofoil&page=1
ME02: Phantasmal Flames|Ultra Rare|Empoleon ex|114/094,ME02: Phantasmal Flames,Ultra Rare,Empoleon ex,114/094,1.38,1.16,-0.21999999999999997,-0.15942028985507245,BAJO,,,,SIN_REFERENCIA,OK,,2026-07-29 16:34:21,https://www.tcgplayer.com/product/662156/pokemon-me02-phantasmal-flames-empoleon-ex-114-094?Condition=Near+Mint&Printing=Holofoil&page=1
ME: Ascended Heroes|Illustration Rare|Erika's Tangela|218/217,ME: Ascended Heroes,Illustration Rare,Erika's Tangela,218/217,20.99,20.68,-0.3099999999999987,-0.014768937589328191,BAJO,,,,SIN_REFERENCIA,OK,,2026-07-29 16:34:21,https://www.tcgplayer.com/product/676030/pokemon-me-ascended-heroes-erikas-tangela-218-217?Condition=Near+Mint&Printing=Holofoil&page=1
SV10: Destined Rivals|Ultra Rare|Ethan's Adventure|221/182,SV10: Destined Rivals,Ultra Rare,Ethan's Adventure,221/182,3.11,3.09,-0.020000000000000018,-0.006430868167202578,BAJO,,,,SIN_REFERENCIA,OK,,2026-07-29 16:34:21,https://www.tcgplayer.com/product/633021/pokemon-sv10-destined-rivals-ethans-adventure-221-182?Condition=Near+Mint&Printing=Holofoil&page=1
SV10: Destined Rivals|Special Illustration Rare|Ethan's Adventure|236/182,SV10: Destined Rivals,Special Illustration Rare,Ethan's Adventure,236/182,40.71,40.49,-0.21999999999999886,-0.005404077622205818,BAJO,,,,SIN_REFERENCIA,OK,,2026-07-29 16:34:21,https://www.tcgplayer.com/product/633036/pokemon-sv10-destined-rivals-ethans-adventure-236-182?Condition=Near+Mint&Printing=Holofoil&page=1
SV10: Destined Rivals|Ultra Rare|Ethan's Ho-Oh ex|209/182,SV10: Destined Rivals,Ultra Rare,Ethan's Ho-Oh ex,209/182,4.99,4.68,-0.3100000000000005,-0.062124248496994085,BAJO,,,,SIN_REFERENCIA,OK,,2026-07-29 16:34:21,https://www.tcgplayer.com/product/633009/pokemon-sv10-destined-rivals-ethans-ho-oh-ex-209-182?Condition=Near+Mint&Printing=Holofoil&page=1
SV10: Destined Rivals|Special Illustration Rare|Ethan's Ho-Oh ex|230/182,SV10: Destined Rivals,Special Illustration Rare,Ethan's Ho-Oh ex,230/182,173.29,173.08,-0.20999999999997954,-0.001211841421893817,BAJO,,,,SIN_REFERENCIA,OK,,2026-07-29 16:34:21,https://www.tcgplayer.com/product/633030/pokemon-sv10-destined-rivals-ethans-ho-oh-ex-230-182?Condition=Near+Mint&Printing=Holofoil&page=1
ME: Ascended Heroes|Illustration Rare|Ethan's Magcargo|222/217,ME: Ascended Heroes,Illustration Rare,Ethan's Magcargo,222/217,7.06,6.51,-0.5499999999999998,-0.07790368271954672,BAJO,,,,SIN_REFERENCIA,OK,,2026-07-29 16:34:21,https://www.tcgplayer.com/product/676034/pokemon-me-ascended-heroes-ethans-magcargo-222-217?Condition=Near+Mint&Printing=Holofoil&page=1
SV10: Destined Rivals|Illustration Rare|Ethan's Typhlosion|190/182,SV10: Destined Rivals,Illustration Rare,Ethan's Typhlosion,190/182,28.33,27.23,-1.0999999999999979,-0.03882809742322619,BAJO,,,,SIN_REFERENCIA,OK,,2026-07-29 16:34:21,https://www.tcgplayer.com/product/632990/pokemon-sv10-destined-rivals-ethans-typhlosion-190-182?Condition=Near+Mint&Printing=Holofoil&page=1
SV: Black Bolt|Ultra Rare|Fennel|162/086,SV: Black Bolt,Ultra Rare,Fennel,162/086,1.37,1.35,-0.020000000000000018,-0.014598540145985413,BAJO,,,,SIN_REFERENCIA,OK,,2026-07-29 16:34:21,https://www.tcgplayer.com/product/642615/pokemon-sv-black-bolt-fennel-162-086?Condition=Near+Mint&Printing=Holofoil&page=1
ME: Ascended Heroes|Double Rare|Fezandipiti ex|142/217,ME: Ascended Heroes,Double Rare,Fezandipiti ex,142/217,3.08,2.98,-0.10000000000000009,-0.03246753246753249,BAJO,,,,SIN_REFERENCIA,OK,,2026-07-29 16:34:21,https://www.tcgplayer.com/product/675954/pokemon-me-ascended-heroes-fezandipiti-ex-142-217?Condition=Near+Mint&Printing=Holofoil&page=1
ME: Ascended Heroes|Special Illustration Rare|Fezandipiti ex|288/217,ME: Ascended Heroes,Special Illustration Rare,Fezandipiti ex,288/217,64.55,64.13,-0.4200000000000017,-0.006506584043377253,BAJO,,,,SIN_REFERENCIA,OK,,2026-07-29 16:34:21,https://www.tcgplayer.com/product/676100/pokemon-me-ascended-heroes-fezandipiti-ex-288-217?Condition=Near+Mint&Printing=Holofoil&page=1
ME03: Perfect Order|Ultra Rare|Forest of Vitality|109/088,ME03: Perfect Order,Ultra Rare,Forest of Vitality,109/088,4.68,4.42,-0.2599999999999998,-0.05555555555555551,BAJO,,,,SIN_REFERENCIA,OK,,2026-07-29 16:34:21,https://www.tcgplayer.com/product/684328/pokemon-me03-perfect-order-forest-of-vitality?Condition=Near+Mint&Printing=Holofoil&page=1
ME04: Chaos Rising|Illustration Rare|Froakie|088/086,ME04: Chaos Rising,Illustration Rare,Froakie,088/086,10.94,10.68,-0.2599999999999998,-0.023765996343692853,BAJO,,,,SIN_REFERENCIA,OK,,2026-07-29 16:34:21,https://www.tcgplayer.com/product/693489/pokemon-me04-chaos-rising-froakie-088-086?Condition=Near+Mint&Printing=Holofoil&page=1
ME01: Mega Evolution|Illustration Rare|Garganacl|147/132,ME01: Mega Evolution,Illustration Rare,Garganacl,147/132,1.43,1.37,-0.05999999999999983,-0.04195804195804184,BAJO,,,,SIN_REFERENCIA,OK,,2026-07-29 16:34:21,https://www.tcgplayer.com/product/654486/pokemon-me01-mega-evolution-garganacl-147-132?Condition=Near+Mint&Printing=Holofoil&page=1
SV: Black Bolt|Special Illustration Rare|Genesect ex|169/086,SV: Black Bolt,Special Illustration Rare,Genesect ex,169/086,47.87,47.79,-0.0799999999999983,-0.0016711928138708647,BAJO,,,,SIN_REFERENCIA,OK,,2026-07-29 16:34:21,https://www.tcgplayer.com/product/642621/pokemon-sv-black-bolt-genesect-ex-169-086?Condition=Near+Mint&Printing=Holofoil&page=1
SV: Black Bolt|Illustration Rare|Golurk|123/086,SV: Black Bolt,Illustration Rare,Golurk,123/086,15.27,15.14,-0.129999999999999,-0.008513425016371907,BAJO,,,,SIN_REFERENCIA,OK,,2026-07-29 16:34:21,https://www.tcgplayer.com/product/642578/pokemon-sv-black-bolt-golurk-123-086?Condition=Near+Mint&Printing=Holofoil&page=1
ME04: Chaos Rising|Ultra Rare|Gourgeist ex|102/086,ME04: Chaos Rising,Ultra Rare,Gourgeist ex,102/086,1.31,1.18,-0.13000000000000012,-0.09923664122137413,BAJO,,,,SIN_REFERENCIA,OK,,2026-07-29 16:34:21,https://www.tcgplayer.com/product/693498/pokemon-me04-chaos-rising-gourgeist-ex-102-086?Condition=Near+Mint&Printing=Holofoil&page=1
ME01: Mega Evolution|Illustration Rare|Gumshoos|153/132,ME01: Mega Evolution,Illustration Rare,Gumshoos,153/132,2.95,2.81,-0.14000000000000012,-0.047457627118644104,BAJO,,,,SIN_REFERENCIA,OK,,2026-07-29 16:34:21,https://www.tcgplayer.com/product/654492/pokemon-me01-mega-evolution-gumshoos-153-132?Condition=Near+Mint&Printing=Holofoil&page=1
SV: White Flare|Ultra Rare|Harlequin|163/086,SV: White Flare,Ultra Rare,Harlequin,163/086,0.93,0.9,-0.030000000000000027,-0.03225806451612906,BAJO,,,,SIN_REFERENCIA,OK,,2026-07-29 16:34:21,https://www.tcgplayer.com/product/642280/pokemon-sv-white-flare-harlequin-163-086?Condition=Near+Mint&Printing=Holofoil&page=1
ME: Ascended Heroes|Illustration Rare|Heliolisk|229/217,ME: Ascended Heroes,Illustration Rare,Heliolisk,229/217,2.73,2.53,-0.20000000000000018,-0.07326007326007332,BAJO,,,,SIN_REFERENCIA,OK,,2026-07-29 16:34:21,https://www.tcgplayer.com/product/676041/pokemon-me-ascended-heroes-heliolisk-229-217?Condition=Near+Mint&Printing=Holofoil&page=1
ME: Ascended Heroes|Illustration Rare|Hitmontop|240/217,ME: Ascended Heroes,Illustration Rare,Hitmontop,240/217,6.67,6.45,-0.21999999999999975,-0.03298350824587702,BAJO,,,,SIN_REFERENCIA,OK,,2026-07-29 16:34:21,https://www.tcgplayer.com/product/676052/pokemon-me-ascended-heroes-hitmontop-240-217?Condition=Near+Mint&Printing=Holofoil&page=1
ME: Ascended Heroes|Illustration Rare|Hop's Trevenant|237/217,ME: Ascended Heroes,Illustration Rare,Hop's Trevenant,237/217,4.37,4.22,-0.15000000000000036,-0.0343249427917621,BAJO,,,,SIN_REFERENCIA,OK,,2026-07-29 16:34:21,https://www.tcgplayer.com/product/676049/pokemon-me-ascended-heroes-hops-trevenant-237-217?Condition=Near+Mint&Printing=Holofoil&page=1
SV09: Journey Together|Illustration Rare|Hop's Wooloo|170/159,SV09: Journey Together,Illustration Rare,Hop's Wooloo,170/159,4.8,4.57,-0.22999999999999954,-0.04791666666666657,BAJO,,,,SIN_REFERENCIA,OK,,2026-07-29 16:34:21,https://www.tcgplayer.com/product/623597/pokemon-sv09-journey-together-hops-wooloo-170-159?Condition=Near+Mint&Printing=Holofoil&page=1
SV09: Journey Together|Double Rare|Hop's Zacian ex|111/159,SV09: Journey Together,Double Rare,Hop's Zacian ex,111/159,0.7,0.66,-0.039999999999999925,-0.05714285714285704,BAJO,,,,SIN_REFERENCIA,OK,,2026-07-29 16:34:21,https://www.tcgplayer.com/product/623538/pokemon-sv09-journey-together-hops-zacian-ex-111-159?Condition=Near+Mint&Printing=Holofoil&page=1
SV09: Journey Together|Ultra Rare|Hop's Zacian ex|176/159,SV09: Journey Together,Ultra Rare,Hop's Zacian ex,176/159,1.77,1.71,-0.06000000000000005,-0.03389830508474579,BAJO,,,,SIN_REFERENCIA,OK,,2026-07-29 16:34:21,https://www.tcgplayer.com/product/623603/pokemon-sv09-journey-together-hops-zacian-ex-176-159?Condition=Near+Mint&Printing=Holofoil&page=1
SV09: Journey Together|Special Illustration Rare|Hop's Zacian ex|186/159,SV09: Journey Together,Special Illustration Rare,Hop's Zacian ex,186/159,35.36,35.18,-0.17999999999999972,-0.005090497737556553,BAJO,,,,SIN_REFERENCIA,OK,,2026-07-29 16:34:21,https://www.tcgplayer.com/product/623613/pokemon-sv09-journey-together-hops-zacian-ex-186-159?Condition=Near+Mint&Printing=Holofoil&page=1
SV10: Destined Rivals|Illustration Rare|Hydrapple|188/182,SV10: Destined Rivals,Illustration Rare,Hydrapple,188/182,3.8,3.79,-0.009999999999999787,-0.002631578947368365,BAJO,,,,SIN_REFERENCIA,OK,,2026-07-29 16:34:21,https://www.tcgplayer.com/product/632988/pokemon-sv10-destined-rivals-hydrapple-188-182?Condition=Near+Mint&Printing=Holofoil&page=1
SV: White Flare|Double Rare|Hydreigon ex|067/086,SV: White Flare,Double Rare,Hydreigon ex,067/086,0.53,0.51,-0.020000000000000018,-0.03773584905660381,BAJO,,,,SIN_REFERENCIA,OK,,2026-07-29 16:34:21,https://www.tcgplayer.com/product/642177/pokemon-sv-white-flare-hydreigon-ex?Condition=Near+Mint&Printing=Holofoil&page=1
SV: White Flare|Ultra Rare|Hydreigon ex|161/086,SV: White Flare,Ultra Rare,Hydreigon ex,161/086,1.25,1.23,-0.020000000000000018,-0.016000000000000014,BAJO,,,,SIN_REFERENCIA,OK,,2026-07-29 16:34:21,https://www.tcgplayer.com/product/642278/pokemon-sv-white-flare-hydreigon-ex-161-086?Condition=Near+Mint&Printing=Holofoil&page=1
SV: White Flare|Special Illustration Rare|Hydreigon ex|169/086,SV: White Flare,Special Illustration Rare,Hydreigon ex,169/086,87.04,85.49,-1.5500000000000114,-0.017807904411764837,BAJO,,,,SIN_REFERENCIA,OK,,2026-07-29 16:34:21,https://www.tcgplayer.com/product/642286/pokemon-sv-white-flare-hydreigon-ex-169-086?Condition=Near+Mint&Printing=Holofoil&page=1
ME01: Mega Evolution|Illustration Rare|Inteleon|142/132,ME01: Mega Evolution,Illustration Rare,Inteleon,142/132,2.78,2.71,-0.06999999999999984,-0.025179856115107858,BAJO,,,,SIN_REFERENCIA,OK,,2026-07-29 16:34:21,https://www.tcgplayer.com/product/654481/pokemon-me01-mega-evolution-inteleon-142-132?Condition=Near+Mint&Printing=Holofoil&page=1
SV09: Journey Together|Hyper Rare|Iono's Bellibolt ex|188/159,SV09: Journey Together,Hyper Rare,Iono's Bellibolt ex,188/159,17.42,17.36,-0.060000000000002274,-0.003444316877152828,BAJO,,,,SIN_REFERENCIA,OK,,2026-07-29 16:34:21,https://www.tcgplayer.com/product/623615/pokemon-sv09-journey-together-ionos-bellibolt-ex-188-159?Condition=Near+Mint&Printing=Holofoil&page=1
ME: Ascended Heroes|Special Illustration Rare|Iono's Bellibolt ex|279/217,ME: Ascended Heroes,Special Illustration Rare,Iono's Bellibolt ex,279/217,67.26,67.22,-0.04000000000000625,-0.0005947071067500185,BAJO,,,,SIN_REFERENCIA,OK,,2026-07-29 16:34:21,https://www.tcgplayer.com/product/676091/pokemon-me-ascended-heroes-ionos-bellibolt-ex-279-217?Condition=Near+Mint&Printing=Holofoil&page=1
ME: Ascended Heroes|Special Illustration Rare|Iris's Fighting Spirit|292/217,ME: Ascended Heroes,Special Illustration Rare,Iris's Fighting Spirit,292/217,34.58,34.41,-0.1700000000000017,-0.004916136495083913,BAJO,,,,SIN_REFERENCIA,OK,,2026-07-29 16:34:21,https://www.tcgplayer.com/product/676104/pokemon-me-ascended-heroes-iriss-fighting-spirit-292-217?Condition=Near+Mint&Printing=Holofoil&page=1
ME01: Mega Evolution|Illustration Rare|Ivysaur|134/132,ME01: Mega Evolution,Illustration Rare,Ivysaur,134/132,20.42,20.27,-0.15000000000000213,-0.007345739471106862,BAJO,,,,SIN_REFERENCIA,OK,,2026-07-29 16:34:21,https://www.tcgplayer.com/product/654473/pokemon-me01-mega-evolution-ivysaur-134-132?Condition=Near+Mint&Printing=Holofoil&page=1
ME03: Perfect Order|Special Illustration Rare|Jacinthe|122/088,ME03: Perfect Order,Special Illustration Rare,Jacinthe,122/088,24.44,24.41,-0.030000000000001137,-0.0012274959083470186,BAJO,,,,SIN_REFERENCIA,OK,,2026-07-29 16:34:21,https://www.tcgplayer.com/product/684395/pokemon-me03-perfect-order-jacinthe-122-088?Condition=Near+Mint&Printing=Holofoil&page=1
SV: White Flare|Double Rare|Jellicent ex|045/086,SV: White Flare,Double Rare,Jellicent ex,045/086,0.58,0.57,-0.010000000000000009,-0.017241379310344845,BAJO,,,,SIN_REFERENCIA,OK,,2026-07-29 16:34:21,https://www.tcgplayer.com/product/642157/pokemon-sv-white-flare-jellicent-ex?Condition=Near+Mint&Printing=Holofoil&page=1
SV10: Destined Rivals|Ultra Rare|Judge|222/182,SV10: Destined Rivals,Ultra Rare,Judge,222/182,2.56,2.45,-0.10999999999999988,-0.04296874999999995,BAJO,,,,SIN_REFERENCIA,OK,,2026-07-29 16:34:21,https://www.tcgplayer.com/product/633022/pokemon-sv10-destined-rivals-judge-222-182?Condition=Near+Mint&Printing=Holofoil&page=1
ME04: Chaos Rising|Ultra Rare|Jumbo Ice Cream|109/086,ME04: Chaos Rising,Ultra Rare,Jumbo Ice Cream,109/086,3.9,3.7,-0.19999999999999973,-0.05128205128205122,BAJO,,,,SIN_REFERENCIA,OK,,2026-07-29 16:34:21,https://www.tcgplayer.com/product/693501/pokemon-me04-chaos-rising-jumbo-ice-cream?Condition=Near+Mint&Printing=Holofoil&page=1
SV: Black Bolt|Illustration Rare|Klang|140/086,SV: Black Bolt,Illustration Rare,Klang,140/086,6.55,6.33,-0.21999999999999975,-0.033587786259541945,BAJO,,,,SIN_REFERENCIA,OK,,2026-07-29 16:34:21,https://www.tcgplayer.com/product/642262/pokemon-sv-black-bolt-klang-140-086?Condition=Near+Mint&Printing=Holofoil&page=1
SV: Black Bolt|Double Rare|Kyurem ex|028/086,SV: Black Bolt,Double Rare,Kyurem ex,028/086,0.57,0.54,-0.029999999999999916,-0.05263157894736828,BAJO,,,,SIN_REFERENCIA,OK,,2026-07-29 16:34:21,https://www.tcgplayer.com/product/642480/pokemon-sv-black-bolt-kyurem-ex?Condition=Near+Mint&Printing=Holofoil&page=1
ME03: Perfect Order|Double Rare|Lapras ex|022/088,ME03: Perfect Order,Double Rare,Lapras ex,022/088,0.53,0.47,-0.06000000000000005,-0.11320754716981142,BAJO,,,,SIN_REFERENCIA,OK,,2026-07-29 16:34:21,https://www.tcgplayer.com/product/684329/pokemon-me03-perfect-order-lapras-ex?Condition=Near+Mint&Printing=Holofoil&page=1
ME: Ascended Heroes|Illustration Rare|Larry's Staraptor|249/217,ME: Ascended Heroes,Illustration Rare,Larry's Staraptor,249/217,4.37,4.11,-0.2599999999999998,-0.05949656750572077,BAJO,,,,SIN_REFERENCIA,OK,,2026-07-29 16:34:21,https://www.tcgplayer.com/product/676061/pokemon-me-ascended-heroes-larrys-staraptor-249-217?Condition=Near+Mint&Printing=Holofoil&page=1
SV: Black Bolt|Illustration Rare|Larvesta|099/086,SV: Black Bolt,Illustration Rare,Larvesta,099/086,16.07,15.98,-0.08999999999999986,-0.005600497822028616,BAJO,,,,SIN_REFERENCIA,OK,,2026-07-29 16:34:21,https://www.tcgplayer.com/product/642552/pokemon-sv-black-bolt-larvesta-099-086?Condition=Near+Mint&Printing=Holofoil&page=1
SV10: Destined Rivals|Hyper Rare|Levincia|244/182,SV10: Destined Rivals,Hyper Rare,Levincia,244/182,8.37,8.29,-0.08000000000000007,-0.00955794504181602,BAJO,,,,SIN_REFERENCIA,OK,,2026-07-29 16:34:21,https://www.tcgplayer.com/product/633044/pokemon-sv10-destined-rivals-levincia?Condition=Near+Mint&Printing=Holofoil&page=1
SV09: Journey Together|Special Illustration Rare|Lillie's Clefairy ex|184/159,SV09: Journey Together,Special Illustration Rare,Lillie's Clefairy ex,184/159,118.65,117.46,-1.190000000000012,-0.010029498525073847,BAJO,,,,SIN_REFERENCIA,OK,,2026-07-29 16:34:21,https://www.tcgplayer.com/product/623611/pokemon-sv09-journey-together-lillies-clefairy-ex-184-159?Condition=Near+Mint&Printing=Holofoil&page=1
ME: Ascended Heroes|Special Illustration Rare|Lillie's Clefairy ex|280/217,ME: Ascended Heroes,Special Illustration Rare,Lillie's Clefairy ex,280/217,180.89,179.59,-1.299999999999983,-0.007186688042456648,BAJO,,,,SIN_REFERENCIA,OK,,2026-07-29 16:34:21,https://www.tcgplayer.com/product/676092/pokemon-me-ascended-heroes-lillies-clefairy-ex-280-217?Condition=Near+Mint&Printing=Holofoil&page=1
ME01: Mega Evolution|Ultra Rare|Lillie's Determination|169/132,ME01: Mega Evolution,Ultra Rare,Lillie's Determination,169/132,21.22,21.08,-0.14000000000000057,-0.006597549481621139,BAJO,,,,SIN_REFERENCIA,OK,,2026-07-29 16:34:21,https://www.tcgplayer.com/product/654508/pokemon-me01-mega-evolution-lillies-determination-169-132?Condition=Near+Mint&Printing=Holofoil&page=1
SV09: Journey Together|Illustration Rare|Lillie's Ribombee|164/159,SV09: Journey Together,Illustration Rare,Lillie's Ribombee,164/159,6.1,6.0,-0.09999999999999964,-0.01639344262295076,BAJO,,,,SIN_REFERENCIA,OK,,2026-07-29 16:34:21,https://www.tcgplayer.com/product/623591/pokemon-sv09-journey-together-lillies-ribombee-164-159?Condition=Near+Mint&Printing=Holofoil&page=1
ME01: Mega Evolution|Ultra Rare|Lt. Surge's Bargain|170/132,ME01: Mega Evolution,Ultra Rare,Lt. Surge's Bargain,170/132,0.96,0.94,-0.020000000000000018,-0.020833333333333353,BAJO,,,,SIN_REFERENCIA,OK,,2026-07-29 16:34:21,https://www.tcgplayer.com/product/654509/pokemon-me01-mega-evolution-lt-surges-bargain-170-132?Condition=Near+Mint&Printing=Holofoil&page=1
ME01: Mega Evolution|Special Illustration Rare|Lt. Surge's Bargain|185/132,ME01: Mega Evolution,Special Illustration Rare,Lt. Surge's Bargain,185/132,16.41,16.28,-0.129999999999999,-0.007921998781230895,BAJO,,,,SIN_REFERENCIA,OK,,2026-07-29 16:34:21,https://www.tcgplayer.com/product/654524/pokemon-me01-mega-evolution-lt-surges-bargain-185-132?Condition=Near+Mint&Printing=Holofoil&page=1
ME02: Phantasmal Flames|Illustration Rare|Ludicolo|095/094,ME02: Phantasmal Flames,Illustration Rare,Ludicolo,095/094,2.66,2.47,-0.18999999999999995,-0.07142857142857141,BAJO,,,,SIN_REFERENCIA,OK,,2026-07-29 16:34:21,https://www.tcgplayer.com/product/662180/pokemon-me02-phantasmal-flames-ludicolo-095-094?Condition=Near+Mint&Printing=Holofoil&page=1
ME03: Perfect Order|Ultra Rare|Lumiose City|111/088,ME03: Perfect Order,Ultra Rare,Lumiose City,111/088,1.97,1.84,-0.1299999999999999,-0.06598984771573599,BAJO,,,,SIN_REFERENCIA,OK,,2026-07-29 16:34:21,https://www.tcgplayer.com/product/684349/pokemon-me03-perfect-order-lumiose-city-111-088?Condition=Near+Mint&Printing=Holofoil&page=1
SV09: Journey Together|Double Rare|Mamoswine ex|079/159,SV09: Journey Together,Double Rare,Mamoswine ex,079/159,0.61,0.59,-0.020000000000000018,-0.03278688524590167,BAJO,,,,SIN_REFERENCIA,OK,,2026-07-29 16:34:21,https://www.tcgplayer.com/product/623506/pokemon-sv09-journey-together-mamoswine-ex-079-159?Condition=Near+Mint&Printing=Holofoil&page=1
SV09: Journey Together|Illustration Rare|Maractus|160/159,SV09: Journey Together,Illustration Rare,Maractus,160/159,2.22,2.17,-0.050000000000000266,-0.02252252252252264,BAJO,,,,SIN_REFERENCIA,OK,,2026-07-29 16:34:21,https://www.tcgplayer.com/product/623587/pokemon-sv09-journey-together-maractus-160-159?Condition=Near+Mint&Printing=Holofoil&page=1
ME01: Mega Evolution|Illustration Rare|Marshadow|146/132,ME01: Mega Evolution,Illustration Rare,Marshadow,146/132,14.16,14.04,-0.120000000000001,-0.00847457627118651,BAJO,,,,SIN_REFERENCIA,OK,,2026-07-29 16:34:21,https://www.tcgplayer.com/product/654485/pokemon-me01-mega-evolution-marshadow-146-132?Condition=Near+Mint&Printing=Holofoil&page=1
ME: Ascended Heroes|Illustration Rare|Medicham|241/217,ME: Ascended Heroes,Illustration Rare,Medicham,241/217,5.77,5.57,-0.1999999999999993,-0.03466204506065846,BAJO,,,,SIN_REFERENCIA,OK,,2026-07-29 16:34:21,https://www.tcgplayer.com/product/676053/pokemon-me-ascended-heroes-medicham-241-217?Condition=Near+Mint&Printing=Holofoil&page=1
ME01: Mega Evolution|Double Rare|Mega Abomasnow ex|036/132,ME01: Mega Evolution,Double Rare,Mega Abomasnow ex,036/132,0.62,0.59,-0.030000000000000027,-0.04838709677419359,BAJO,,,,SIN_REFERENCIA,OK,,2026-07-29 16:34:21,https://www.tcgplayer.com/product/654375/pokemon-me01-mega-evolution-mega-abomasnow-ex-036-132?Condition=Near+Mint&Printing=Holofoil&page=1
ME01: Mega Evolution|Ultra Rare|Mega Absol ex|161/132,ME01: Mega Evolution,Ultra Rare,Mega Absol ex,161/132,5.56,5.48,-0.07999999999999918,-0.014388489208632947,BAJO,,,,SIN_REFERENCIA,OK,,2026-07-29 16:34:21,https://www.tcgplayer.com/product/654500/pokemon-me01-mega-evolution-mega-absol-ex-161-132?Condition=Near+Mint&Printing=Holofoil&page=1
ME01: Mega Evolution|Double Rare|Mega Camerupt ex|022/132,ME01: Mega Evolution,Double Rare,Mega Camerupt ex,022/132,0.59,0.56,-0.029999999999999916,-0.0508474576271185,BAJO,,,,SIN_REFERENCIA,OK,,2026-07-29 16:34:21,https://www.tcgplayer.com/product/654361/pokemon-me01-mega-evolution-mega-camerupt-ex-022-132?Condition=Near+Mint&Printing=Holofoil&page=1
ME02: Phantasmal Flames|Special Illustration Rare|Mega Charizard X ex|125/094,ME02: Phantasmal Flames,Special Illustration Rare,Mega Charizard X ex,125/094,785.31,784.63,-0.67999999999995,-0.0008659000904100929,BAJO,,,,SIN_REFERENCIA,OK,,2026-07-29 16:34:21,https://www.tcgplayer.com/product/662184/pokemon-me02-phantasmal-flames-mega-charizard-x-ex-125-094?Condition=Near+Mint&Printing=Holofoil&page=1
ME02: Phantasmal Flames|Mega Hyper Rare|Mega Charizard X ex|130/094,ME02: Phantasmal Flames,Mega Hyper Rare,Mega Charizard X ex,130/094,331.77,331.23,-0.5399999999999636,-0.0016276336015913545,BAJO,,,,SIN_REFERENCIA,OK,,2026-07-29 16:34:21,https://www.tcgplayer.com/product/662185/pokemon-me02-phantasmal-flames-mega-charizard-x-ex-130-094?Condition=Near+Mint&Printing=Holofoil&page=1
ME: Ascended Heroes|Mega Hyper Rare|Mega Charizard Y ex|294/217,ME: Ascended Heroes,Mega Hyper Rare,Mega Charizard Y ex,294/217,495.45,482.52,-12.930000000000007,-0.02609748713290949,BAJO,,,,SIN_REFERENCIA,OK,,2026-07-29 16:34:21,https://www.tcgplayer.com/product/676106/pokemon-me-ascended-heroes-mega-charizard-y-ex-294-217?Condition=Near+Mint&Printing=Holofoil&page=1
ME03: Perfect Order|Double Rare|Mega Clefable ex|031/088,ME03: Perfect Order,Double Rare,Mega Clefable ex,031/088,0.56,0.53,-0.030000000000000027,-0.05357142857142862,BAJO,,,,SIN_REFERENCIA,OK,,2026-07-29 16:34:21,https://www.tcgplayer.com/product/684383/pokemon-me03-perfect-order-mega-clefable-ex-031-088?Condition=Near+Mint&Printing=Holofoil&page=1
ME03: Perfect Order|Special Illustration Rare|Mega Clefable ex|119/088,ME03: Perfect Order,Special Illustration Rare,Mega Clefable ex,119/088,59.41,59.37,-0.03999999999999915,-0.0006732873253660857,BAJO,,,,SIN_REFERENCIA,OK,,2026-07-29 16:34:21,https://www.tcgplayer.com/product/684385/pokemon-me03-perfect-order-mega-clefable-ex-119-088?Condition=Near+Mint&Printing=Holofoil&page=1
ME02: Phantasmal Flames|Double Rare|Mega Diancie ex|041/094,ME02: Phantasmal Flames,Double Rare,Mega Diancie ex,041/094,0.7,0.54,-0.15999999999999992,-0.22857142857142848,BAJO,,,,SIN_REFERENCIA,OK,,2026-07-29 16:34:21,https://www.tcgplayer.com/product/660379/pokemon-me02-phantasmal-flames-mega-diancie-ex?Condition=Near+Mint&Printing=Holofoil&page=1
ME: Ascended Heroes|Special Illustration Rare|Mega Diancie ex|282/217,ME: Ascended Heroes,Special Illustration Rare,Mega Diancie ex,282/217,64.18,64.11,-0.07000000000000739,-0.001090682455593758,BAJO,,,,SIN_REFERENCIA,OK,,2026-07-29 16:34:21,https://www.tcgplayer.com/product/676094/pokemon-me-ascended-heroes-mega-diancie-ex-282-217?Condition=Near+Mint&Printing=Holofoil&page=1
ME04: Chaos Rising|Double Rare|Mega Dragalge ex|065/086,ME04: Chaos Rising,Double Rare,Mega Dragalge ex,065/086,0.58,0.53,-0.04999999999999993,-0.08620689655172403,BAJO,,,,SIN_REFERENCIA,OK,,2026-07-29 16:34:21,https://www.tcgplayer.com/product/693508/pokemon-me04-chaos-rising-mega-dragalge-ex-065-086?Condition=Near+Mint&Printing=Holofoil&page=1
ME04: Chaos Rising|Ultra Rare|Mega Dragalge ex|104/086,ME04: Chaos Rising,Ultra Rare,Mega Dragalge ex,104/086,2.7,2.69,-0.010000000000000231,-0.003703703703703789,BAJO,,,,SIN_REFERENCIA,OK,,2026-07-29 16:34:21,https://www.tcgplayer.com/product/693509/pokemon-me04-chaos-rising-mega-dragalge-ex-104-086?Condition=Near+Mint&Printing=Holofoil&page=1
ME04: Chaos Rising|Special Illustration Rare|Mega Dragalge ex|118/086,ME04: Chaos Rising,Special Illustration Rare,Mega Dragalge ex,118/086,43.03,42.34,-0.6899999999999977,-0.016035324192423837,BAJO,,,,SIN_REFERENCIA,OK,,2026-07-29 16:34:21,https://www.tcgplayer.com/product/693510/pokemon-me04-chaos-rising-mega-dragalge-ex-118-086?Condition=Near+Mint&Printing=Holofoil&page=1
ME: Ascended Heroes|Double Rare|Mega Dragonite ex|152/217,ME: Ascended Heroes,Double Rare,Mega Dragonite ex,152/217,4.37,4.32,-0.04999999999999982,-0.011441647597253964,BAJO,,,,SIN_REFERENCIA,OK,,2026-07-29 16:34:21,https://www.tcgplayer.com/product/675964/pokemon-me-ascended-heroes-mega-dragonite-ex-152-217?Condition=Near+Mint&Printing=Holofoil&page=1
ME: Ascended Heroes|Double Rare|Mega Emboar ex|031/217,ME: Ascended Heroes,Double Rare,Mega Emboar ex,031/217,0.85,0.78,-0.06999999999999995,-0.08235294117647053,BAJO,,,,SIN_REFERENCIA,OK,,2026-07-29 16:34:21,https://www.tcgplayer.com/product/675843/pokemon-me-ascended-heroes-mega-emboar-ex-031-217?Condition=Near+Mint&Printing=Holofoil&page=1
ME: Ascended Heroes|Special Illustration Rare|Mega Emboar ex|273/217,ME: Ascended Heroes,Special Illustration Rare,Mega Emboar ex,273/217,60.16,59.98,-0.17999999999999972,-0.0029920212765957403,BAJO,,,,SIN_REFERENCIA,OK,,2026-07-29 16:34:21,https://www.tcgplayer.com/product/676085/pokemon-me-ascended-heroes-mega-emboar-ex-273-217?Condition=Near+Mint&Printing=Holofoil&page=1
ME: Ascended Heroes|Double Rare|Mega Feraligatr ex|043/217,ME: Ascended Heroes,Double Rare,Mega Feraligatr ex,043/217,1.25,1.16,-0.09000000000000008,-0.07200000000000006,BAJO,,,,SIN_REFERENCIA,OK,,2026-07-29 16:34:21,https://www.tcgplayer.com/product/675855/pokemon-me-ascended-heroes-mega-feraligatr-ex-043-217?Condition=Near+Mint&Printing=Holofoil&page=1
ME04: Chaos Rising|Special Illustration Rare|Mega Floette ex|117/086,ME04: Chaos Rising,Special Illustration Rare,Mega Floette ex,117/086,33.35,32.91,-0.44000000000000483,-0.013193403298350968,BAJO,,,,SIN_REFERENCIA,OK,,2026-07-29 16:34:21,https://www.tcgplayer.com/product/693513/pokemon-me04-chaos-rising-mega-floette-ex-117-086?Condition=Near+Mint&Printing=Holofoil&page=1
ME: Ascended Heroes|Double Rare|Mega Froslass ex|047/217,ME: Ascended Heroes,Double Rare,Mega Froslass ex,047/217,1.88,1.83,-0.04999999999999982,-0.02659574468085097,BAJO,,,,SIN_REFERENCIA,OK,,2026-07-29 16:34:21,https://www.tcgplayer.com/product/675859/pokemon-me-ascended-heroes-mega-froslass-ex-047-217?Condition=Near+Mint&Printing=Holofoil&page=1
ME01: Mega Evolution|Double Rare|Mega Gardevoir ex|060/132,ME01: Mega Evolution,Double Rare,Mega Gardevoir ex,060/132,0.79,0.75,-0.040000000000000036,-0.050632911392405104,BAJO,,,,SIN_REFERENCIA,OK,,2026-07-29 16:34:21,https://www.tcgplayer.com/product/654399/pokemon-me01-mega-evolution-mega-gardevoir-ex-060-132?Condition=Near+Mint&Printing=Holofoil&page=1
ME01: Mega Evolution|Ultra Rare|Mega Gardevoir ex|159/132,ME01: Mega Evolution,Ultra Rare,Mega Gardevoir ex,159/132,5.13,5.05,-0.08000000000000007,-0.015594541910331399,BAJO,,,,SIN_REFERENCIA,OK,,2026-07-29 16:34:21,https://www.tcgplayer.com/product/654498/pokemon-me01-mega-evolution-mega-gardevoir-ex-159-132?Condition=Near+Mint&Printing=Holofoil&page=1
ME01: Mega Evolution|Special Illustration Rare|Mega Gardevoir ex|178/132,ME01: Mega Evolution,Special Illustration Rare,Mega Gardevoir ex,178/132,193.99,193.07,-0.9200000000000159,-0.004742512500644445,BAJO,,,,SIN_REFERENCIA,OK,,2026-07-29 16:34:21,https://www.tcgplayer.com/product/654517/pokemon-me01-mega-evolution-mega-gardevoir-ex-178-132?Condition=Near+Mint&Printing=Holofoil&page=1
ME: Ascended Heroes|Double Rare|Mega Gardevoir ex|089/217,ME: Ascended Heroes,Double Rare,Mega Gardevoir ex,089/217,0.73,0.68,-0.04999999999999993,-0.06849315068493142,BAJO,,,,SIN_REFERENCIA,OK,,2026-07-29 16:34:21,https://www.tcgplayer.com/product/675901/pokemon-me-ascended-heroes-mega-gardevoir-ex?Condition=Near+Mint&Printing=Holofoil&page=1
ME02: Phantasmal Flames|Double Rare|Mega Gengar ex|056/094,ME02: Phantasmal Flames,Double Rare,Mega Gengar ex,056/094,2.26,2.1,-0.1599999999999997,-0.07079646017699102,BAJO,,,,SIN_REFERENCIA,OK,,2026-07-29 16:34:21,https://www.tcgplayer.com/product/660380/pokemon-me02-phantasmal-flames-mega-gengar-ex?Condition=Near+Mint&Printing=Holofoil&page=1
ME: Ascended Heroes|Double Rare|Mega Gengar ex|125/217,ME: Ascended Heroes,Double Rare,Mega Gengar ex,125/217,3.02,2.92,-0.10000000000000009,-0.033112582781456984,BAJO,,,,SIN_REFERENCIA,OK,,2026-07-29 16:34:21,https://www.tcgplayer.com/product/675937/pokemon-me-ascended-heroes-mega-gengar-ex-125-217?Condition=Near+Mint&Printing=Holofoil&page=1
ME04: Chaos Rising|Special Illustration Rare|Mega Greninja ex|116/086,ME04: Chaos Rising,Special Illustration Rare,Mega Greninja ex,116/086,237.13,236.07,-1.0600000000000023,-0.00447012187407752,BAJO,,,,SIN_REFERENCIA,OK,,2026-07-29 16:34:21,https://www.tcgplayer.com/product/693517/pokemon-me04-chaos-rising-mega-greninja-ex-116-086?Condition=Near+Mint&Printing=Holofoil&page=1
ME04: Chaos Rising|Mega Hyper Rare|Mega Greninja ex|122/086,ME04: Chaos Rising,Mega Hyper Rare,Mega Greninja ex,122/086,195.3,194.59,-0.710000000000008,-0.0036354326676907725,BAJO,,,,SIN_REFERENCIA,OK,,2026-07-29 16:34:21,https://www.tcgplayer.com/product/693518/pokemon-me04-chaos-rising-mega-greninja-ex-122-086?Condition=Near+Mint&Printing=Holofoil&page=1
ME: Ascended Heroes|Double Rare|Mega Hawlucha ex|116/217,ME: Ascended Heroes,Double Rare,Mega Hawlucha ex,116/217,0.67,0.65,-0.020000000000000018,-0.02985074626865674,BAJO,,,,SIN_REFERENCIA,OK,,2026-07-29 16:34:21,https://www.tcgplayer.com/product/675928/pokemon-me-ascended-heroes-mega-hawlucha-ex-116-217?Condition=Near+Mint&Printing=Holofoil&page=1
ME02: Phantasmal Flames|Double Rare|Mega Heracross ex|004/094,ME02: Phantasmal Flames,Double Rare,Mega Heracross ex,004/094,0.55,0.54,-0.010000000000000009,-0.018181818181818195,BAJO,,,,SIN_REFERENCIA,OK,,2026-07-29 16:34:21,https://www.tcgplayer.com/product/662186/pokemon-me02-phantasmal-flames-mega-heracross-ex-004-094?Condition=Near+Mint&Printing=Holofoil&page=1
ME02: Phantasmal Flames|Ultra Rare|Mega Heracross ex|108/094,ME02: Phantasmal Flames,Ultra Rare,Mega Heracross ex,108/094,1.92,1.79,-0.1299999999999999,-0.06770833333333329,BAJO,,,,SIN_REFERENCIA,OK,,2026-07-29 16:34:21,https://www.tcgplayer.com/product/662187/pokemon-me02-phantasmal-flames-mega-heracross-ex-108-094?Condition=Near+Mint&Printing=Holofoil&page=1
ME02: Phantasmal Flames|Double Rare|Mega Lopunny ex|084/094,ME02: Phantasmal Flames,Double Rare,Mega Lopunny ex,084/094,0.57,0.56,-0.009999999999999898,-0.01754385964912263,BAJO,,,,SIN_REFERENCIA,OK,,2026-07-29 16:34:21,https://www.tcgplayer.com/product/662188/pokemon-me02-phantasmal-flames-mega-lopunny-ex-084-094?Condition=Near+Mint&Printing=Holofoil&page=1
ME02: Phantasmal Flames|Ultra Rare|Mega Lopunny ex|115/094,ME02: Phantasmal Flames,Ultra Rare,Mega Lopunny ex,115/094,2.58,2.55,-0.03000000000000025,-0.011627906976744281,BAJO,,,,SIN_REFERENCIA,OK,,2026-07-29 16:34:21,https://www.tcgplayer.com/product/662189/pokemon-me02-phantasmal-flames-mega-lopunny-ex-115-094?Condition=Near+Mint&Printing=Holofoil&page=1
ME01: Mega Evolution|Double Rare|Mega Lucario ex|077/132,ME01: Mega Evolution,Double Rare,Mega Lucario ex,077/132,0.89,0.72,-0.17000000000000004,-0.19101123595505623,BAJO,,,,SIN_REFERENCIA,OK,,2026-07-29 16:34:21,https://www.tcgplayer.com/product/654416/pokemon-me01-mega-evolution-mega-lucario-ex-077-132?Condition=Near+Mint&Printing=Holofoil&page=1
ME: Ascended Heroes|Double Rare|Mega Lucario ex|113/217,ME: Ascended Heroes,Double Rare,Mega Lucario ex,113/217,0.99,0.91,-0.07999999999999996,-0.08080808080808077,BAJO,,,,SIN_REFERENCIA,OK,,2026-07-29 16:34:21,https://www.tcgplayer.com/product/675925/pokemon-me-ascended-heroes-mega-lucario-ex?Condition=Near+Mint&Printing=Holofoil&page=1
ME01: Mega Evolution|Ultra Rare|Mega Mawile ex|162/132,ME01: Mega Evolution,Ultra Rare,Mega Mawile ex,162/132,2.34,2.32,-0.020000000000000018,-0.008547008547008555,BAJO,,,,SIN_REFERENCIA,OK,,2026-07-29 16:34:21,https://www.tcgplayer.com/product/654501/pokemon-me01-mega-evolution-mega-mawile-ex-162-132?Condition=Near+Mint&Printing=Holofoil&page=1
ME: Ascended Heroes|Special Illustration Rare|Mega Meganium ex|272/217,ME: Ascended Heroes,Special Illustration Rare,Mega Meganium ex,272/217,94.66,94.64,-0.01999999999999602,-0.00021128248468197782,BAJO,,,,SIN_REFERENCIA,OK,,2026-07-29 16:34:21,https://www.tcgplayer.com/product/676084/pokemon-me-ascended-heroes-mega-meganium-ex-272-217?Condition=Near+Mint&Printing=Holofoil&page=1
ME04: Chaos Rising|Double Rare|Mega Pyroar ex|015/086,ME04: Chaos Rising,Double Rare,Mega Pyroar ex,015/086,0.64,0.51,-0.13,-0.203125,BAJO,,,,SIN_REFERENCIA,OK,,2026-07-29 16:34:21,https://www.tcgplayer.com/product/693519/pokemon-me04-chaos-rising-mega-pyroar-ex-015-086?Condition=Near+Mint&Printing=Holofoil&page=1
ME04: Chaos Rising|Ultra Rare|Mega Pyroar ex|099/086,ME04: Chaos Rising,Ultra Rare,Mega Pyroar ex,099/086,3.32,3.23,-0.08999999999999986,-0.027108433734939718,BAJO,,,,SIN_REFERENCIA,OK,,2026-07-29 16:34:21,https://www.tcgplayer.com/product/693520/pokemon-me04-chaos-rising-mega-pyroar-ex-099-086?Condition=Near+Mint&Printing=Holofoil&page=1
ME: Ascended Heroes|Special Illustration Rare|Mega Scrafty ex|285/217,ME: Ascended Heroes,Special Illustration Rare,Mega Scrafty ex,285/217,66.21,65.74,-0.46999999999999886,-0.007098625585259008,BAJO,,,,SIN_REFERENCIA,OK,,2026-07-29 16:34:21,https://www.tcgplayer.com/product/676097/pokemon-me-ascended-heroes-mega-scrafty-ex-285-217?Condition=Near+Mint&Printing=Holofoil&page=1
ME02: Phantasmal Flames|Double Rare|Mega Sharpedo ex|061/094,ME02: Phantasmal Flames,Double Rare,Mega Sharpedo ex,061/094,0.67,0.61,-0.06000000000000005,-0.08955223880597023,BAJO,,,,SIN_REFERENCIA,OK,,2026-07-29 16:34:21,https://www.tcgplayer.com/product/662191/pokemon-me02-phantasmal-flames-mega-sharpedo-ex-061-094?Condition=Near+Mint&Printing=Holofoil&page=1
ME02: Phantasmal Flames|Special Illustration Rare|Mega Sharpedo ex|127/094,ME02: Phantasmal Flames,Special Illustration Rare,Mega Sharpedo ex,127/094,21.61,21.49,-0.120000000000001,-0.00555298472929204,BAJO,,,,SIN_REFERENCIA,OK,,2026-07-29 16:34:21,https://www.tcgplayer.com/product/662193/pokemon-me02-phantasmal-flames-mega-sharpedo-ex-127-094?Condition=Near+Mint&Printing=Holofoil&page=1
ME03: Perfect Order|Double Rare|Mega Starmie ex|021/088,ME03: Perfect Order,Double Rare,Mega Starmie ex,021/088,0.83,0.63,-0.19999999999999996,-0.24096385542168672,BAJO,,,,SIN_REFERENCIA,OK,,2026-07-29 16:34:21,https://www.tcgplayer.com/product/684360/pokemon-me03-perfect-order-mega-starmie-ex-021-088?Condition=Near+Mint&Printing=Holofoil&page=1
ME03: Perfect Order|Ultra Rare|Mega Starmie ex|102/088,ME03: Perfect Order,Ultra Rare,Mega Starmie ex,102/088,5.62,5.59,-0.03000000000000025,-0.005338078291814991,BAJO,,,,SIN_REFERENCIA,OK,,2026-07-29 16:34:21,https://www.tcgplayer.com/product/684361/pokemon-me03-perfect-order-mega-starmie-ex-102-088?Condition=Near+Mint&Printing=Holofoil&page=1
ME03: Perfect Order|Special Illustration Rare|Mega Starmie ex|118/088,ME03: Perfect Order,Special Illustration Rare,Mega Starmie ex,118/088,45.58,44.85,-0.7299999999999969,-0.016015796401930602,BAJO,,,,SIN_REFERENCIA,OK,,2026-07-29 16:34:21,https://www.tcgplayer.com/product/684362/pokemon-me03-perfect-order-mega-starmie-ex-118-088?Condition=Near+Mint&Printing=Holofoil&page=1
ME03: Perfect Order|Double Rare|Mega Zygarde ex|047/088,ME03: Perfect Order,Double Rare,Mega Zygarde ex,047/088,0.64,0.54,-0.09999999999999998,-0.15624999999999997,BAJO,,,,SIN_REFERENCIA,OK,,2026-07-29 16:34:21,https://www.tcgplayer.com/product/684336/pokemon-me03-perfect-order-mega-zygarde-ex-047-088?Condition=Near+Mint&Printing=Holofoil&page=1
ME03: Perfect Order|Ultra Rare|Mega Zygarde ex|104/088,ME03: Perfect Order,Ultra Rare,Mega Zygarde ex,104/088,4.98,4.95,-0.03000000000000025,-0.006024096385542218,BAJO,,,,SIN_REFERENCIA,OK,,2026-07-29 16:34:21,https://www.tcgplayer.com/product/684337/pokemon-me03-perfect-order-mega-zygarde-ex-104-088?Condition=Near+Mint&Printing=Holofoil&page=1
SV: Black Bolt|Double Rare|Meloetta ex|044/086,SV: Black Bolt,Double Rare,Meloetta ex,044/086,0.63,0.6,-0.030000000000000027,-0.04761904761904766,BAJO,,,,SIN_REFERENCIA,OK,,2026-07-29 16:34:21,https://www.tcgplayer.com/product/642496/pokemon-sv-black-bolt-meloetta-ex?Condition=Near+Mint&Printing=Holofoil&page=1
SV: Black Bolt|Ultra Rare|Meloetta ex|159/086,SV: Black Bolt,Ultra Rare,Meloetta ex,159/086,1.47,1.44,-0.030000000000000027,-0.02040816326530614,BAJO,,,,SIN_REFERENCIA,OK,,2026-07-29 16:34:21,https://www.tcgplayer.com/product/642611/pokemon-sv-black-bolt-meloetta-ex-159-086?Condition=Near+Mint&Printing=Holofoil&page=1
SV: Black Bolt|Special Illustration Rare|Meloetta ex|167/086,SV: Black Bolt,Special Illustration Rare,Meloetta ex,167/086,43.11,42.95,-0.1599999999999966,-0.003711435861748935,BAJO,,,,SIN_REFERENCIA,OK,,2026-07-29 16:34:21,https://www.tcgplayer.com/product/642619/pokemon-sv-black-bolt-meloetta-ex-167-086?Condition=Near+Mint&Printing=Holofoil&page=1
ME02: Phantasmal Flames|Illustration Rare|Meowth|106/094,ME02: Phantasmal Flames,Illustration Rare,Meowth,106/094,20.86,20.39,-0.46999999999999886,-0.022531160115052677,BAJO,,,,SIN_REFERENCIA,OK,,2026-07-29 16:34:21,https://www.tcgplayer.com/product/662195/pokemon-me02-phantasmal-flames-meowth?Condition=Near+Mint&Printing=Holofoil&page=1
ME03: Perfect Order|Special Illustration Rare|Meowth ex|121/088,ME03: Perfect Order,Special Illustration Rare,Meowth ex,121/088,133.94,133.71,-0.22999999999998977,-0.0017171868000596519,BAJO,,,,SIN_REFERENCIA,OK,,2026-07-29 16:34:21,https://www.tcgplayer.com/product/684342/pokemon-me03-perfect-order-meowth-ex-121-088?Condition=Near+Mint&Printing=Holofoil&page=1
ME04: Chaos Rising|Illustration Rare|Metang|094/086,ME04: Chaos Rising,Illustration Rare,Metang,094/086,2.82,2.81,-0.009999999999999787,-0.0035460992907800663,BAJO,,,,SIN_REFERENCIA,OK,,2026-07-29 16:34:21,https://www.tcgplayer.com/product/693524/pokemon-me04-chaos-rising-metang-094-086?Condition=Near+Mint&Printing=Holofoil&page=1
ME: Ascended Heroes|Illustration Rare|Mightyena|243/217,ME: Ascended Heroes,Illustration Rare,Mightyena,243/217,8.47,7.97,-0.5000000000000009,-0.059031877213695495,BAJO,,,,SIN_REFERENCIA,OK,,2026-07-29 16:34:21,https://www.tcgplayer.com/product/676055/pokemon-me-ascended-heroes-mightyena-243-217?Condition=Near+Mint&Printing=Holofoil&page=1
ME: Ascended Heroes|Double Rare|Miraidon ex|073/217,ME: Ascended Heroes,Double Rare,Miraidon ex,073/217,0.63,0.61,-0.020000000000000018,-0.03174603174603177,BAJO,,,,SIN_REFERENCIA,OK,,2026-07-29 16:34:21,https://www.tcgplayer.com/product/675885/pokemon-me-ascended-heroes-miraidon-ex?Condition=Near+Mint&Printing=Holofoil&page=1
ME02: Phantasmal Flames|Ultra Rare|Mismagius ex|112/094,ME02: Phantasmal Flames,Ultra Rare,Mismagius ex,112/094,1.53,1.5,-0.030000000000000027,-0.01960784313725492,BAJO,,,,SIN_REFERENCIA,OK,,2026-07-29 16:34:21,https://www.tcgplayer.com/product/662200/pokemon-me02-phantasmal-flames-mismagius-ex-112-094?Condition=Near+Mint&Printing=Holofoil&page=1
SV10: Destined Rivals|Illustration Rare|Misty's Lapras|194/182,SV10: Destined Rivals,Illustration Rare,Misty's Lapras,194/182,40.85,40.14,-0.7100000000000009,-0.01738066095471238,BAJO,,,,SIN_REFERENCIA,OK,,2026-07-29 16:34:21,https://www.tcgplayer.com/product/632994/pokemon-sv10-destined-rivals-mistys-lapras-194-182?Condition=Near+Mint&Printing=Holofoil&page=1
SV10: Destined Rivals|Illustration Rare|Misty's Psyduck|193/182,SV10: Destined Rivals,Illustration Rare,Misty's Psyduck,193/182,69.78,69.41,-0.37000000000000455,-0.005302378905130475,BAJO,,,,SIN_REFERENCIA,OK,,2026-07-29 16:34:21,https://www.tcgplayer.com/product/632993/pokemon-sv10-destined-rivals-mistys-psyduck-193-182?Condition=Near+Mint&Printing=Holofoil&page=1
SV: Black Bolt|Special Illustration Rare|N's Plan|170/086,SV: Black Bolt,Special Illustration Rare,N's Plan,170/086,73.78,73.32,-0.46000000000000796,-0.006234751965302357,BAJO,,,,SIN_REFERENCIA,OK,,2026-07-29 16:34:21,https://www.tcgplayer.com/product/642622/pokemon-sv-black-bolt-ns-plan-170-086?Condition=Near+Mint&Printing=Holofoil&page=1
ME: Ascended Heroes|Special Illustration Rare|N's Zoroark ex|286/217,ME: Ascended Heroes,Special Illustration Rare,N's Zoroark ex,286/217,175.27,174.34,-0.9300000000000068,-0.005306099161294042,BAJO,,,,SIN_REFERENCIA,OK,,2026-07-29 16:34:21,https://www.tcgplayer.com/product/676098/pokemon-me-ascended-heroes-ns-zoroark-ex-286-217?Condition=Near+Mint&Printing=Holofoil&page=1
ME01: Mega Evolution|Illustration Rare|Ninjask|137/132,ME01: Mega Evolution,Illustration Rare,Ninjask,137/132,3.88,3.87,-0.009999999999999787,-0.0025773195876288113,BAJO,,,,SIN_REFERENCIA,OK,,2026-07-29 16:34:21,https://www.tcgplayer.com/product/654476/pokemon-me01-mega-evolution-ninjask-137-132?Condition=Near+Mint&Printing=Holofoil&page=1
SV09: Journey Together|Illustration Rare|Noibat|169/159,SV09: Journey Together,Illustration Rare,Noibat,169/159,6.66,6.34,-0.3200000000000003,-0.04804804804804809,BAJO,,,,SIN_REFERENCIA,OK,,2026-07-29 16:34:21,https://www.tcgplayer.com/product/623596/pokemon-sv09-journey-together-noibat-169-159?Condition=Near+Mint&Printing=Holofoil&page=1
ME: Ascended Heroes|Illustration Rare|Numel|223/217,ME: Ascended Heroes,Illustration Rare,Numel,223/217,5.71,5.34,-0.3700000000000001,-0.06479859894921193,BAJO,,,,SIN_REFERENCIA,OK,,2026-07-29 16:34:21,https://www.tcgplayer.com/product/676035/pokemon-me-ascended-heroes-numel-223-217?Condition=Near+Mint&Printing=Holofoil&page=1
ME02: Phantasmal Flames|Ultra Rare|Oricorio ex|110/094,ME02: Phantasmal Flames,Ultra Rare,Oricorio ex,110/094,1.31,1.28,-0.030000000000000027,-0.022900763358778647,BAJO,,,,SIN_REFERENCIA,OK,,2026-07-29 16:34:21,https://www.tcgplayer.com/product/662207/pokemon-me02-phantasmal-flames-oricorio-ex-110-094?Condition=Near+Mint&Printing=Holofoil&page=1
SV09: Journey Together|Double Rare|Paldean Clodsire ex|094/159,SV09: Journey Together,Double Rare,Paldean Clodsire ex,094/159,0.63,0.61,-0.020000000000000018,-0.03174603174603177,BAJO,,,,SIN_REFERENCIA,OK,,2026-07-29 16:34:21,https://www.tcgplayer.com/product/623521/pokemon-sv09-journey-together-paldean-clodsire-ex?Condition=Near+Mint&Printing=Holofoil&page=1
ME02: Phantasmal Flames|Illustration Rare|Paldean Wooper|102/094,ME02: Phantasmal Flames,Illustration Rare,Paldean Wooper,102/094,4.46,4.26,-0.20000000000000018,-0.0448430493273543,BAJO,,,,SIN_REFERENCIA,OK,,2026-07-29 16:34:21,https://www.tcgplayer.com/product/662209/pokemon-me02-phantasmal-flames-paldean-wooper?Condition=Near+Mint&Printing=Holofoil&page=1
ME04: Chaos Rising|Ultra Rare|Philippe|110/086,ME04: Chaos Rising,Ultra Rare,Philippe,110/086,1.61,1.36,-0.25,-0.15527950310559005,BAJO,,,,SIN_REFERENCIA,OK,,2026-07-29 16:34:21,https://www.tcgplayer.com/product/693533/pokemon-me04-chaos-rising-philippe-110-086?Condition=Near+Mint&Printing=Holofoil&page=1
ME: Ascended Heroes|Double Rare|Pikachu ex|057/217,ME: Ascended Heroes,Double Rare,Pikachu ex,057/217,3.17,2.53,-0.6400000000000001,-0.20189274447949532,BAJO,,,,SIN_REFERENCIA,OK,,2026-07-29 16:34:21,https://www.tcgplayer.com/product/675869/pokemon-me-ascended-heroes-pikachu-ex-057-217?Condition=Near+Mint&Printing=Holofoil&page=1
ME: Ascended Heroes|Special Illustration Rare|Pikachu ex|277/217,ME: Ascended Heroes,Special Illustration Rare,Pikachu ex,277/217,390.44,388.74,-1.6999999999999886,-0.00435406208380286,BAJO,,,,SIN_REFERENCIA,OK,,2026-07-29 16:34:21,https://www.tcgplayer.com/product/676089/pokemon-me-ascended-heroes-pikachu-ex-277-217?Condition=Near+Mint&Printing=Holofoil&page=1
ME03: Perfect Order|Ultra Rare|Poke Pad|113/088,ME03: Perfect Order,Ultra Rare,Poke Pad,113/088,10.63,10.17,-0.46000000000000085,-0.04327375352775172,BAJO,,,,SIN_REFERENCIA,OK,,2026-07-29 16:34:21,https://www.tcgplayer.com/product/684333/pokemon-me03-perfect-order-poke-pad-113-088?Condition=Near+Mint&Printing=Holofoil&page=1
ME01: Mega Evolution|Ultra Rare|Premium Power Pro|174/132,ME01: Mega Evolution,Ultra Rare,Premium Power Pro,174/132,1.75,1.66,-0.09000000000000008,-0.051428571428571476,BAJO,,,,SIN_REFERENCIA,OK,,2026-07-29 16:34:21,https://www.tcgplayer.com/product/654513/pokemon-me01-mega-evolution-premium-power-pro-174-132?Condition=Near+Mint&Printing=Holofoil&page=1
ME04: Chaos Rising|Ultra Rare|Prism Tower|111/086,ME04: Chaos Rising,Ultra Rare,Prism Tower,111/086,2.94,2.74,-0.19999999999999973,-0.06802721088435365,BAJO,,,,SIN_REFERENCIA,OK,,2026-07-29 16:34:21,https://www.tcgplayer.com/product/693535/pokemon-me04-chaos-rising-prism-tower-111-086?Condition=Near+Mint&Printing=Holofoil&page=1
ME03: Perfect Order|Illustration Rare|Probopass|096/088,ME03: Perfect Order,Illustration Rare,Probopass,096/088,0.87,0.85,-0.020000000000000018,-0.022988505747126457,BAJO,,,,SIN_REFERENCIA,OK,,2026-07-29 16:34:21,https://www.tcgplayer.com/product/684424/pokemon-me03-perfect-order-probopass-096-088?Condition=Near+Mint&Printing=Holofoil&page=1
SV10: Destined Rivals|Illustration Rare|Rapidash|189/182,SV10: Destined Rivals,Illustration Rare,Rapidash,189/182,9.74,9.53,-0.21000000000000085,-0.021560574948665385,BAJO,,,,SIN_REFERENCIA,OK,,2026-07-29 16:34:21,https://www.tcgplayer.com/product/632989/pokemon-sv10-destined-rivals-rapidash-189-182?Condition=Near+Mint&Printing=Holofoil&page=1
SV10: Destined Rivals|Double Rare|Regirock ex|101/182,SV10: Destined Rivals,Double Rare,Regirock ex,101/182,0.56,0.46,-0.10000000000000003,-0.1785714285714286,BAJO,,,,SIN_REFERENCIA,OK,,2026-07-29 16:34:21,https://www.tcgplayer.com/product/632909/pokemon-sv10-destined-rivals-regirock-ex-101-182?Condition=Near+Mint&Printing=Holofoil&page=1
SV: White Flare|Double Rare|Reshiram ex|020/086,SV: White Flare,Double Rare,Reshiram ex,020/086,0.72,0.71,-0.010000000000000009,-0.013888888888888902,BAJO,,,,SIN_REFERENCIA,OK,,2026-07-29 16:34:21,https://www.tcgplayer.com/product/642132/pokemon-sv-white-flare-reshiram-ex?Condition=Near+Mint&Printing=Holofoil&page=1
SV: White Flare|Ultra Rare|Reshiram ex|158/086,SV: White Flare,Ultra Rare,Reshiram ex,158/086,3.29,3.25,-0.040000000000000036,-0.012158054711246211,BAJO,,,,SIN_REFERENCIA,OK,,2026-07-29 16:34:21,https://www.tcgplayer.com/product/642275/pokemon-sv-white-flare-reshiram-ex-158-086?Condition=Near+Mint&Printing=Holofoil&page=1
ME03: Perfect Order|Special Illustration Rare|Rosa's Encouragement|123/088,ME03: Perfect Order,Special Illustration Rare,Rosa's Encouragement,123/088,53.88,53.19,-0.6900000000000048,-0.012806236080178262,BAJO,,,,SIN_REFERENCIA,OK,,2026-07-29 16:34:21,https://www.tcgplayer.com/product/684392/pokemon-me03-perfect-order-rosas-encouragement-123-088?Condition=Near+Mint&Printing=Holofoil&page=1
SV10: Destined Rivals|Illustration Rare|Rotom|197/182,SV10: Destined Rivals,Illustration Rare,Rotom,197/182,3.94,3.78,-0.16000000000000014,-0.0406091370558376,BAJO,,,,SIN_REFERENCIA,OK,,2026-07-29 16:34:21,https://www.tcgplayer.com/product/632997/pokemon-sv10-destined-rivals-rotom-197-182?Condition=Near+Mint&Printing=Holofoil&page=1
ME02: Phantasmal Flames|Ultra Rare|Rotom ex|111/094,ME02: Phantasmal Flames,Ultra Rare,Rotom ex,111/094,1.36,1.32,-0.040000000000000036,-0.029411764705882377,BAJO,,,,SIN_REFERENCIA,OK,,2026-07-29 16:34:21,https://www.tcgplayer.com/product/662221/pokemon-me02-phantasmal-flames-rotom-ex-111-094?Condition=Near+Mint&Printing=Holofoil&page=1
ME02: Phantasmal Flames|Special Illustration Rare|Rotom ex|126/094,ME02: Phantasmal Flames,Special Illustration Rare,Rotom ex,126/094,19.68,18.62,-1.0599999999999987,-0.05386178861788612,BAJO,,,,SIN_REFERENCIA,OK,,2026-07-29 16:34:21,https://www.tcgplayer.com/product/662222/pokemon-me02-phantasmal-flames-rotom-ex-126-094?Condition=Near+Mint&Printing=Holofoil&page=1
ME03: Perfect Order|Illustration Rare|Rowlet|090/088,ME03: Perfect Order,Illustration Rare,Rowlet,090/088,5.32,5.09,-0.23000000000000043,-0.043233082706767,BAJO,,,,SIN_REFERENCIA,OK,,2026-07-29 16:34:21,https://www.tcgplayer.com/product/684368/pokemon-me03-perfect-order-rowlet-090-088?Condition=Near+Mint&Printing=Holofoil&page=1
ME04: Chaos Rising|Special Illustration Rare|Roxie's Performance|121/086,ME04: Chaos Rising,Special Illustration Rare,Roxie's Performance,121/086,23.48,22.79,-0.6900000000000013,-0.029386712095400395,BAJO,,,,SIN_REFERENCIA,OK,,2026-07-29 16:34:21,https://www.tcgplayer.com/product/693542/pokemon-me04-chaos-rising-roxies-performance-121-086?Condition=Near+Mint&Printing=Holofoil&page=1
SV09: Journey Together|Ultra Rare|Ruffian|181/159,SV09: Journey Together,Ultra Rare,Ruffian,181/159,0.78,0.77,-0.010000000000000009,-0.012820512820512832,BAJO,,,,SIN_REFERENCIA,OK,,2026-07-29 16:34:21,https://www.tcgplayer.com/product/623608/pokemon-sv09-journey-together-ruffian-181-159?Condition=Near+Mint&Printing=Holofoil&page=1
ME02: Phantasmal Flames|Ultra Rare|Sacred Charm|122/094,ME02: Phantasmal Flames,Ultra Rare,Sacred Charm,122/094,0.49,0.46,-0.02999999999999997,-0.06122448979591831,BAJO,,,,SIN_REFERENCIA,OK,,2026-07-29 16:34:21,https://www.tcgplayer.com/product/662224/pokemon-me02-phantasmal-flames-sacred-charm-122-094?Condition=Near+Mint&Printing=Holofoil&page=1
ME: Ascended Heroes|Illustration Rare|Salazzle|224/217,ME: Ascended Heroes,Illustration Rare,Salazzle,224/217,3.29,3.17,-0.1200000000000001,-0.036474164133738635,BAJO,,,,SIN_REFERENCIA,OK,,2026-07-29 16:34:21,https://www.tcgplayer.com/product/676036/pokemon-me-ascended-heroes-salazzle-224-217?Condition=Near+Mint&Printing=Holofoil&page=1
ME03: Perfect Order|Ultra Rare|Salazzle ex|101/088,ME03: Perfect Order,Ultra Rare,Salazzle ex,101/088,1.42,1.17,-0.25,-0.17605633802816903,BAJO,,,,SIN_REFERENCIA,OK,,2026-07-29 16:34:21,https://www.tcgplayer.com/product/684377/pokemon-me03-perfect-order-salazzle-ex-101-088?Condition=Near+Mint&Printing=Holofoil&page=1
SV: Black Bolt|Double Rare|Serperior ex|003/086,SV: Black Bolt,Double Rare,Serperior ex,003/086,0.68,0.64,-0.040000000000000036,-0.058823529411764754,BAJO,,,,SIN_REFERENCIA,OK,,2026-07-29 16:34:21,https://www.tcgplayer.com/product/642452/pokemon-sv-black-bolt-serperior-ex?Condition=Near+Mint&Printing=Holofoil&page=1
SV10: Destined Rivals|Illustration Rare|Shaymin|185/182,SV10: Destined Rivals,Illustration Rare,Shaymin,185/182,12.86,12.36,-0.5,-0.038880248833592534,BAJO,,,,SIN_REFERENCIA,OK,,2026-07-29 16:34:21,https://www.tcgplayer.com/product/632985/pokemon-sv10-destined-rivals-shaymin-185-182?Condition=Near+Mint&Printing=Holofoil&page=1
ME01: Mega Evolution|Illustration Rare|Shedinja|144/132,ME01: Mega Evolution,Illustration Rare,Shedinja,144/132,2.94,2.9,-0.040000000000000036,-0.01360544217687076,BAJO,,,,SIN_REFERENCIA,OK,,2026-07-29 16:34:21,https://www.tcgplayer.com/product/654483/pokemon-me01-mega-evolution-shedinja-144-132?Condition=Near+Mint&Printing=Holofoil&page=1
SV: White Flare|Illustration Rare|Shelmet|093/086,SV: White Flare,Illustration Rare,Shelmet,093/086,8.51,8.49,-0.019999999999999574,-0.0023501762632196915,BAJO,,,,SIN_REFERENCIA,OK,,2026-07-29 16:34:21,https://www.tcgplayer.com/product/642208/pokemon-sv-white-flare-shelmet-093-086?Condition=Near+Mint&Printing=Holofoil&page=1
ME01: Mega Evolution|Illustration Rare|Shroodle|149/132,ME01: Mega Evolution,Illustration Rare,Shroodle,149/132,2.4,2.34,-0.06000000000000005,-0.025000000000000022,BAJO,,,,SIN_REFERENCIA,OK,,2026-07-29 16:34:21,https://www.tcgplayer.com/product/654488/pokemon-me01-mega-evolution-shroodle-149-132?Condition=Near+Mint&Printing=Holofoil&page=1
SV: Black Bolt|Illustration Rare|Simipour|102/086,SV: Black Bolt,Illustration Rare,Simipour,102/086,14.75,14.66,-0.08999999999999986,-0.006101694915254228,BAJO,,,,SIN_REFERENCIA,OK,,2026-07-29 16:34:21,https://www.tcgplayer.com/product/642555/pokemon-sv-black-bolt-simipour-102-086?Condition=Near+Mint&Printing=Holofoil&page=1
SV: Black Bolt|Illustration Rare|Simisage|090/086,SV: Black Bolt,Illustration Rare,Simisage,090/086,11.8,11.68,-0.120000000000001,-0.010169491525423813,BAJO,,,,SIN_REFERENCIA,OK,,2026-07-29 16:34:21,https://www.tcgplayer.com/product/642539/pokemon-sv-black-bolt-simisage-090-086?Condition=Near+Mint&Printing=Holofoil&page=1
SV: White Flare|Illustration Rare|Simisear|100/086,SV: White Flare,Illustration Rare,Simisear,100/086,17.22,17.03,-0.18999999999999773,-0.011033681765388952,BAJO,,,,SIN_REFERENCIA,OK,,2026-07-29 16:34:21,https://www.tcgplayer.com/product/642215/pokemon-sv-white-flare-simisear-100-086?Condition=Near+Mint&Printing=Holofoil&page=1
ME04: Chaos Rising|Illustration Rare|Sliggoo|095/086,ME04: Chaos Rising,Illustration Rare,Sliggoo,095/086,2.0,1.96,-0.040000000000000036,-0.020000000000000018,BAJO,,,,SIN_REFERENCIA,OK,,2026-07-29 16:34:21,https://www.tcgplayer.com/product/693546/pokemon-me04-chaos-rising-sliggoo-095-086?Condition=Near+Mint&Printing=Holofoil&page=1
SV: Black Bolt|Illustration Rare|Solosis|118/086,SV: Black Bolt,Illustration Rare,Solosis,118/086,32.85,32.73,-0.12000000000000455,-0.0036529680365298186,BAJO,,,,SIN_REFERENCIA,OK,,2026-07-29 16:34:21,https://www.tcgplayer.com/product/642572/pokemon-sv-black-bolt-solosis-118-086?Condition=Near+Mint&Printing=Holofoil&page=1
ME01: Mega Evolution|Illustration Rare|Spearow|151/132,ME01: Mega Evolution,Illustration Rare,Spearow,151/132,4.26,4.11,-0.14999999999999947,-0.03521126760563368,BAJO,,,,SIN_REFERENCIA,OK,,2026-07-29 16:34:21,https://www.tcgplayer.com/product/654490/pokemon-me01-mega-evolution-spearow-151-132?Condition=Near+Mint&Printing=Holofoil&page=1
ME03: Perfect Order|Illustration Rare|Spewpa|089/088,ME03: Perfect Order,Illustration Rare,Spewpa,089/088,1.77,1.68,-0.09000000000000008,-0.05084745762711869,BAJO,,,,SIN_REFERENCIA,OK,,2026-07-29 16:34:21,https://www.tcgplayer.com/product/684365/pokemon-me03-perfect-order-spewpa-089-088?Condition=Near+Mint&Printing=Holofoil&page=1
ME01: Mega Evolution|Illustration Rare|Spiritomb|148/132,ME01: Mega Evolution,Illustration Rare,Spiritomb,148/132,2.64,2.37,-0.27,-0.10227272727272728,BAJO,,,,SIN_REFERENCIA,OK,,2026-07-29 16:34:21,https://www.tcgplayer.com/product/654487/pokemon-me01-mega-evolution-spiritomb-148-132?Condition=Near+Mint&Printing=Holofoil&page=1
ME: Ascended Heroes|Ultra Rare|Sprigatito ex|251/217,ME: Ascended Heroes,Ultra Rare,Sprigatito ex,251/217,2.59,2.3,-0.29000000000000004,-0.111969111969112,BAJO,,,,SIN_REFERENCIA,OK,,2026-07-29 16:34:21,https://www.tcgplayer.com/product/676063/pokemon-me-ascended-heroes-sprigatito-ex?Condition=Near+Mint&Printing=Holofoil&page=1
ME01: Mega Evolution|Illustration Rare|Steelix|150/132,ME01: Mega Evolution,Illustration Rare,Steelix,150/132,8.46,8.21,-0.25,-0.029550827423167846,BAJO,,,,SIN_REFERENCIA,OK,,2026-07-29 16:34:21,https://www.tcgplayer.com/product/654489/pokemon-me01-mega-evolution-steelix-150-132?Condition=Near+Mint&Printing=Holofoil&page=1
ME01: Mega Evolution|Illustration Rare|Stufful|154/132,ME01: Mega Evolution,Illustration Rare,Stufful,154/132,7.72,7.42,-0.2999999999999998,-0.038860103626942984,BAJO,,,,SIN_REFERENCIA,OK,,2026-07-29 16:34:21,https://www.tcgplayer.com/product/654493/pokemon-me01-mega-evolution-stufful-154-132?Condition=Near+Mint&Printing=Holofoil&page=1
ME03: Perfect Order|Illustration Rare|Talonflame|091/088,ME03: Perfect Order,Illustration Rare,Talonflame,091/088,1.84,1.75,-0.09000000000000008,-0.04891304347826091,BAJO,,,,SIN_REFERENCIA,OK,,2026-07-29 16:34:21,https://www.tcgplayer.com/product/684406/pokemon-me03-perfect-order-talonflame-091-088?Condition=Near+Mint&Printing=Holofoil&page=1
SV09: Journey Together|Double Rare|Tapu Koko ex|051/159,SV09: Journey Together,Double Rare,Tapu Koko ex,051/159,0.7,0.61,-0.08999999999999997,-0.12857142857142853,BAJO,,,,SIN_REFERENCIA,OK,,2026-07-29 16:34:21,https://www.tcgplayer.com/product/623478/pokemon-sv09-journey-together-tapu-koko-ex?Condition=Near+Mint&Printing=Holofoil&page=1
ME03: Perfect Order|Ultra Rare|Tarragon|116/088,ME03: Perfect Order,Ultra Rare,Tarragon,116/088,1.75,1.7,-0.050000000000000044,-0.0285714285714286,BAJO,,,,SIN_REFERENCIA,OK,,2026-07-29 16:34:21,https://www.tcgplayer.com/product/684345/pokemon-me03-perfect-order-tarragon-116-088?Condition=Near+Mint&Printing=Holofoil&page=1
SV10: Destined Rivals|Ultra Rare|Team Rocket's Ariana|224/182,SV10: Destined Rivals,Ultra Rare,Team Rocket's Ariana,224/182,4.27,4.13,-0.13999999999999968,-0.032786885245901565,BAJO,,,,SIN_REFERENCIA,OK,,2026-07-29 16:34:21,https://www.tcgplayer.com/product/633024/pokemon-sv10-destined-rivals-team-rockets-ariana-224-182?Condition=Near+Mint&Printing=Holofoil&page=1
SV10: Destined Rivals|Ultra Rare|Team Rocket's Crobat ex|217/182,SV10: Destined Rivals,Ultra Rare,Team Rocket's Crobat ex,217/182,3.05,2.98,-0.06999999999999984,-0.022950819672131098,BAJO,,,,SIN_REFERENCIA,OK,,2026-07-29 16:34:21,https://www.tcgplayer.com/product/633017/pokemon-sv10-destined-rivals-team-rockets-crobat-ex-217-182?Condition=Near+Mint&Printing=Holofoil&page=1
ME: Ascended Heroes|Illustration Rare|Team Rocket's Dugtrio|239/217,ME: Ascended Heroes,Illustration Rare,Team Rocket's Dugtrio,239/217,9.17,9.0,-0.16999999999999993,-0.01853871319520174,BAJO,,,,SIN_REFERENCIA,OK,,2026-07-29 16:34:21,https://www.tcgplayer.com/product/676051/pokemon-me-ascended-heroes-team-rockets-dugtrio-239-217?Condition=Near+Mint&Printing=Holofoil&page=1
SV10: Destined Rivals|Ultra Rare|Team Rocket's Giovanni|225/182,SV10: Destined Rivals,Ultra Rare,Team Rocket's Giovanni,225/182,5.81,5.51,-0.2999999999999998,-0.0516351118760757,BAJO,,,,SIN_REFERENCIA,OK,,2026-07-29 16:34:21,https://www.tcgplayer.com/product/633025/pokemon-sv10-destined-rivals-team-rockets-giovanni-225-182?Condition=Near+Mint&Printing=Holofoil&page=1
SV10: Destined Rivals|Ultra Rare|Team Rocket's Mewtwo ex|213/182,SV10: Destined Rivals,Ultra Rare,Team Rocket's Mewtwo ex,213/182,21.12,20.95,-0.1700000000000017,-0.008049242424242504,BAJO,,,,SIN_REFERENCIA,OK,,2026-07-29 16:34:21,https://www.tcgplayer.com/product/633013/pokemon-sv10-destined-rivals-team-rockets-mewtwo-ex-213-182?Condition=Near+Mint&Printing=Holofoil&page=1
ME: Ascended Heroes|Double Rare|Team Rocket's Mewtwo ex|079/217,ME: Ascended Heroes,Double Rare,Team Rocket's Mewtwo ex,079/217,1.28,1.2,-0.08000000000000007,-0.06250000000000006,BAJO,,,,SIN_REFERENCIA,OK,,2026-07-29 16:34:21,https://www.tcgplayer.com/product/675891/pokemon-me-ascended-heroes-team-rockets-mewtwo-ex-079-217?Condition=Near+Mint&Printing=Holofoil&page=1
SV10: Destined Rivals|Ultra Rare|Team Rocket's Moltres ex|208/182,SV10: Destined Rivals,Ultra Rare,Team Rocket's Moltres ex,208/182,4.89,4.73,-0.15999999999999925,-0.032719836400817846,BAJO,,,,SIN_REFERENCIA,OK,,2026-07-29 16:34:21,https://www.tcgplayer.com/product/633008/pokemon-sv10-destined-rivals-team-rockets-moltres-ex-208-182?Condition=Near+Mint&Printing=Holofoil&page=1
SV10: Destined Rivals|Special Illustration Rare|Team Rocket's Moltres ex|229/182,SV10: Destined Rivals,Special Illustration Rare,Team Rocket's Moltres ex,229/182,108.18,108.11,-0.07000000000000739,-0.0006470696986504657,BAJO,,,,SIN_REFERENCIA,OK,,2026-07-29 16:34:21,https://www.tcgplayer.com/product/633029/pokemon-sv10-destined-rivals-team-rockets-moltres-ex-229-182?Condition=Near+Mint&Printing=Holofoil&page=1
SV10: Destined Rivals|Illustration Rare|Team Rocket's Murkrow|200/182,SV10: Destined Rivals,Illustration Rare,Team Rocket's Murkrow,200/182,9.34,9.16,-0.17999999999999972,-0.019271948608137014,BAJO,,,,SIN_REFERENCIA,OK,,2026-07-29 16:34:21,https://www.tcgplayer.com/product/633000/pokemon-sv10-destined-rivals-team-rockets-murkrow-200-182?Condition=Near+Mint&Printing=Holofoil&page=1
SV10: Destined Rivals|Special Illustration Rare|Team Rocket's Nidoking ex|233/182,SV10: Destined Rivals,Special Illustration Rare,Team Rocket's Nidoking ex,233/182,108.1,106.82,-1.2800000000000011,-0.011840888066605007,BAJO,,,,SIN_REFERENCIA,OK,,2026-07-29 16:34:21,https://www.tcgplayer.com/product/633033/pokemon-sv10-destined-rivals-team-rockets-nidoking-ex-233-182?Condition=Near+Mint&Printing=Holofoil&page=1
SV10: Destined Rivals|Ultra Rare|Team Rocket's Proton|227/182,SV10: Destined Rivals,Ultra Rare,Team Rocket's Proton,227/182,3.91,3.83,-0.08000000000000007,-0.020460358056266004,BAJO,,,,SIN_REFERENCIA,OK,,2026-07-29 16:34:21,https://www.tcgplayer.com/product/633027/pokemon-sv10-destined-rivals-team-rockets-proton-227-182?Condition=Near+Mint&Printing=Holofoil&page=1
SV10: Destined Rivals|Illustration Rare|Team Rocket's Raticate|202/182,SV10: Destined Rivals,Illustration Rare,Team Rocket's Raticate,202/182,5.99,5.96,-0.03000000000000025,-0.005008347245409057,BAJO,,,,SIN_REFERENCIA,OK,,2026-07-29 16:34:21,https://www.tcgplayer.com/product/633002/pokemon-sv10-destined-rivals-team-rockets-raticate-202-182?Condition=Near+Mint&Printing=Holofoil&page=1
SV10: Destined Rivals|Illustration Rare|Team Rocket's Spidops|187/182,SV10: Destined Rivals,Illustration Rare,Team Rocket's Spidops,187/182,6.24,6.14,-0.10000000000000053,-0.01602564102564111,BAJO,,,,SIN_REFERENCIA,OK,,2026-07-29 16:34:21,https://www.tcgplayer.com/product/632987/pokemon-sv10-destined-rivals-team-rockets-spidops-187-182?Condition=Near+Mint&Printing=Holofoil&page=1
ME: Ascended Heroes|Ultra Rare|Team Rocket's Transceiver|263/217,ME: Ascended Heroes,Ultra Rare,Team Rocket's Transceiver,263/217,1.31,1.24,-0.07000000000000006,-0.05343511450381684,BAJO,,,,SIN_REFERENCIA,OK,,2026-07-29 16:34:21,https://www.tcgplayer.com/product/676075/pokemon-me-ascended-heroes-team-rockets-transceiver-263-217?Condition=Near+Mint&Printing=Holofoil&page=1
ME: Ascended Heroes|Double Rare|Terapagos ex|179/217,ME: Ascended Heroes,Double Rare,Terapagos ex,179/217,0.77,0.65,-0.12,-0.15584415584415584,BAJO,,,,SIN_REFERENCIA,OK,,2026-07-29 16:34:21,https://www.tcgplayer.com/product/675991/pokemon-me-ascended-heroes-terapagos-ex?Condition=Near+Mint&Printing=Holofoil&page=1
SV: Black Bolt|Illustration Rare|Throh|128/086,SV: Black Bolt,Illustration Rare,Throh,128/086,10.3,10.29,-0.010000000000001563,-0.0009708737864079187,BAJO,,,,SIN_REFERENCIA,OK,,2026-07-29 16:34:21,https://www.tcgplayer.com/product/642583/pokemon-sv-black-bolt-throh-128-086?Condition=Near+Mint&Printing=Holofoil&page=1
ME02: Phantasmal Flames|Illustration Rare|Togedemaru|104/094,ME02: Phantasmal Flames,Illustration Rare,Togedemaru,104/094,2.68,2.49,-0.18999999999999995,-0.07089552238805968,BAJO,,,,SIN_REFERENCIA,OK,,2026-07-29 16:34:21,https://www.tcgplayer.com/product/662233/pokemon-me02-phantasmal-flames-togedemaru-104-094?Condition=Near+Mint&Printing=Holofoil&page=1
ME02: Phantasmal Flames|Illustration Rare|Toxtricity|103/094,ME02: Phantasmal Flames,Illustration Rare,Toxtricity,103/094,2.32,2.26,-0.06000000000000005,-0.025862068965517265,BAJO,,,,SIN_REFERENCIA,OK,,2026-07-29 16:34:21,https://www.tcgplayer.com/product/662235/pokemon-me02-phantasmal-flames-toxtricity-103-094?Condition=Near+Mint&Printing=Holofoil&page=1
ME: Ascended Heroes|Ultra Rare|Ultra Ball|264/217,ME: Ascended Heroes,Ultra Rare,Ultra Ball,264/217,7.45,6.99,-0.45999999999999996,-0.06174496644295301,BAJO,,,,SIN_REFERENCIA,OK,,2026-07-29 16:34:21,https://www.tcgplayer.com/product/676076/pokemon-me-ascended-heroes-ultra-ball-264-217?Condition=Near+Mint&Printing=Holofoil&page=1
SV: Black Bolt|Illustration Rare|Venipede|132/086,SV: Black Bolt,Illustration Rare,Venipede,132/086,8.63,8.58,-0.05000000000000071,-0.005793742757821635,BAJO,,,,SIN_REFERENCIA,OK,,2026-07-29 16:34:21,https://www.tcgplayer.com/product/642587/pokemon-sv-black-bolt-venipede-132-086?Condition=Near+Mint&Printing=Holofoil&page=1
ME: Ascended Heroes|Illustration Rare|Vikavolt|230/217,ME: Ascended Heroes,Illustration Rare,Vikavolt,230/217,2.89,2.7,-0.18999999999999995,-0.06574394463667818,BAJO,,,,SIN_REFERENCIA,OK,,2026-07-29 16:34:21,https://www.tcgplayer.com/product/676042/pokemon-me-ascended-heroes-vikavolt-230-217?Condition=Near+Mint&Printing=Holofoil&page=1
SV09: Journey Together|Double Rare|Volcanion ex|031/159,SV09: Journey Together,Double Rare,Volcanion ex,031/159,0.74,0.71,-0.030000000000000027,-0.04054054054054058,BAJO,,,,SIN_REFERENCIA,OK,,2026-07-29 16:34:21,https://www.tcgplayer.com/product/623458/pokemon-sv09-journey-together-volcanion-ex-031-159?Condition=Near+Mint&Printing=Holofoil&page=1
ME: Ascended Heroes|Double Rare|Voltorb ex|058/217,ME: Ascended Heroes,Double Rare,Voltorb ex,058/217,0.71,0.68,-0.029999999999999916,-0.042253521126760445,BAJO,,,,SIN_REFERENCIA,OK,,2026-07-29 16:34:21,https://www.tcgplayer.com/product/675870/pokemon-me-ascended-heroes-voltorb-ex?Condition=Near+Mint&Printing=Holofoil&page=1
ME01: Mega Evolution|Ultra Rare|Wally's Compassion|176/132,ME01: Mega Evolution,Ultra Rare,Wally's Compassion,176/132,2.82,2.72,-0.09999999999999964,-0.035460992907801296,BAJO,,,,SIN_REFERENCIA,OK,,2026-07-29 16:34:21,https://www.tcgplayer.com/product/654515/pokemon-me01-mega-evolution-wallys-compassion-176-132?Condition=Near+Mint&Printing=Holofoil&page=1
SV: White Flare|Special Illustration Rare|Whimsicott ex|165/086,SV: White Flare,Special Illustration Rare,Whimsicott ex,165/086,28.66,28.65,-0.010000000000001563,-0.0003489183531054279,BAJO,,,,SIN_REFERENCIA,OK,,2026-07-29 16:34:21,https://www.tcgplayer.com/product/642282/pokemon-sv-white-flare-whimsicott-ex-165-086?Condition=Near+Mint&Printing=Holofoil&page=1
ME03: Perfect Order|Ultra Rare|Wondrous Patch|117/088,ME03: Perfect Order,Ultra Rare,Wondrous Patch,117/088,2.52,2.33,-0.18999999999999995,-0.07539682539682538,BAJO,,,,SIN_REFERENCIA,OK,,2026-07-29 16:34:21,https://www.tcgplayer.com/product/684331/pokemon-me03-perfect-order-wondrous-patch?Condition=Near+Mint&Printing=Holofoil&page=1
SV: White Flare|Illustration Rare|Yamask|122/086,SV: White Flare,Illustration Rare,Yamask,122/086,11.32,11.26,-0.0600000000000005,-0.005300353356890503,BAJO,,,,SIN_REFERENCIA,OK,,2026-07-29 16:34:21,https://www.tcgplayer.com/product/642234/pokemon-sv-white-flare-yamask-122-086?Condition=Near+Mint&Printing=Holofoil&page=1
ME02: Phantasmal Flames|Illustration Rare|Yamper|099/094,ME02: Phantasmal Flames,Illustration Rare,Yamper,099/094,3.61,3.54,-0.06999999999999984,-0.01939058171745148,BAJO,,,,SIN_REFERENCIA,OK,,2026-07-29 16:34:21,https://www.tcgplayer.com/product/662243/pokemon-me02-phantasmal-flames-yamper-099-094?Condition=Near+Mint&Printing=Holofoil&page=1
SV10: Destined Rivals|Double Rare|Yanmega ex|003/182,SV10: Destined Rivals,Double Rare,Yanmega ex,003/182,0.62,0.59,-0.030000000000000027,-0.04838709677419359,BAJO,,,,SIN_REFERENCIA,OK,,2026-07-29 16:34:21,https://www.tcgplayer.com/product/632831/pokemon-sv10-destined-rivals-yanmega-ex-003-182?Condition=Near+Mint&Printing=Holofoil&page=1
SV10: Destined Rivals|Special Illustration Rare|Yanmega ex|228/182,SV10: Destined Rivals,Special Illustration Rare,Yanmega ex,228/182,21.59,21.18,-0.41000000000000014,-0.018990273274664203,BAJO,,,,SIN_REFERENCIA,OK,,2026-07-29 16:34:21,https://www.tcgplayer.com/product/633028/pokemon-sv10-destined-rivals-yanmega-ex-228-182?Condition=Near+Mint&Printing=Holofoil&page=1
ME03: Perfect Order|Ultra Rare|Yveltal ex|105/088,ME03: Perfect Order,Ultra Rare,Yveltal ex,105/088,5.04,4.72,-0.3200000000000003,-0.06349206349206354,BAJO,,,,SIN_REFERENCIA,OK,,2026-07-29 16:34:21,https://www.tcgplayer.com/product/684387/pokemon-me03-perfect-order-yveltal-ex-105-088?Condition=Near+Mint&Printing=Holofoil&page=1
SV: Black Bolt|Ultra Rare|Zekrom ex|158/086,SV: Black Bolt,Ultra Rare,Zekrom ex,158/086,5.1,4.96,-0.13999999999999968,-0.027450980392156803,BAJO,,,,SIN_REFERENCIA,OK,,2026-07-29 16:34:21,https://www.tcgplayer.com/product/642610/pokemon-sv-black-bolt-zekrom-ex-158-086?Condition=Near+Mint&Printing=Holofoil&page=1
SV: White Flare|Illustration Rare|Archeops|132/086,SV: White Flare,Illustration Rare,Archeops,132/086,14.3,14.3,0.0,0.0,IGUAL,,,,SIN_REFERENCIA,OK,,2026-07-29 16:34:21,https://www.tcgplayer.com/product/642245/pokemon-sv-white-flare-archeops-132-086?Condition=Near+Mint&Printing=Holofoil&page=1
SV10: Destined Rivals|Special Illustration Rare|Arven's Mabosstiff ex|235/182,SV10: Destined Rivals,Special Illustration Rare,Arven's Mabosstiff ex,235/182,32.68,32.68,0.0,0.0,IGUAL,,,,SIN_REFERENCIA,OK,,2026-07-29 16:34:21,https://www.tcgplayer.com/product/633035/pokemon-sv10-destined-rivals-arvens-mabosstiff-ex-235-182?Condition=Near+Mint&Printing=Holofoil&page=1
ME04: Chaos Rising|Double Rare|Beedrill ex|003/086,ME04: Chaos Rising,Double Rare,Beedrill ex,003/086,0.62,0.62,0.0,0.0,IGUAL,,,,SIN_REFERENCIA,OK,,2026-07-29 16:34:21,https://www.tcgplayer.com/product/693453/pokemon-me04-chaos-rising-beedrill-ex-003-086?Condition=Near+Mint&Printing=Holofoil&page=1
SV: Black Bolt|Illustration Rare|Bisharp|143/086,SV: Black Bolt,Illustration Rare,Bisharp,143/086,12.41,12.41,0.0,0.0,IGUAL,,,,SIN_REFERENCIA,OK,,2026-07-29 16:34:21,https://www.tcgplayer.com/product/642597/pokemon-sv-black-bolt-bisharp-143-086?Condition=Near+Mint&Printing=Holofoil&page=1
SV09: Journey Together|Ultra Rare|Brock's Scouting|179/159,SV09: Journey Together,Ultra Rare,Brock's Scouting,179/159,1.59,1.59,0.0,0.0,IGUAL,,,,SIN_REFERENCIA,OK,,2026-07-29 16:34:21,https://www.tcgplayer.com/product/623606/pokemon-sv09-journey-together-brocks-scouting-179-159?Condition=Near+Mint&Printing=Holofoil&page=1
ME04: Chaos Rising|Double Rare|Cobalion ex|064/086,ME04: Chaos Rising,Double Rare,Cobalion ex,064/086,0.46,0.46,0.0,0.0,IGUAL,,,,SIN_REFERENCIA,OK,,2026-07-29 16:34:21,https://www.tcgplayer.com/product/693468/pokemon-me04-chaos-rising-cobalion-ex-064-086?Condition=Near+Mint&Printing=Holofoil&page=1
SV: White Flare|Illustration Rare|Dewott|106/086,SV: White Flare,Illustration Rare,Dewott,106/086,24.94,24.94,0.0,0.0,IGUAL,,,,SIN_REFERENCIA,OK,,2026-07-29 16:34:21,https://www.tcgplayer.com/product/642218/pokemon-sv-white-flare-dewott-106-086?Condition=Near+Mint&Printing=Holofoil&page=1
SV: Black Bolt|Illustration Rare|Drilbur|124/086,SV: Black Bolt,Illustration Rare,Drilbur,124/086,8.34,8.34,0.0,0.0,IGUAL,,,,SIN_REFERENCIA,OK,,2026-07-29 16:34:21,https://www.tcgplayer.com/product/642579/pokemon-sv-black-bolt-drilbur-124-086?Condition=Near+Mint&Printing=Holofoil&page=1
SV: Black Bolt|Ultra Rare|Excadrill ex|160/086,SV: Black Bolt,Ultra Rare,Excadrill ex,160/086,0.87,0.87,0.0,0.0,IGUAL,,,,SIN_REFERENCIA,OK,,2026-07-29 16:34:21,https://www.tcgplayer.com/product/642612/pokemon-sv-black-bolt-excadrill-ex-160-086?Condition=Near+Mint&Printing=Holofoil&page=1
ME02: Phantasmal Flames|Ultra Rare|Firebreather|119/094,ME02: Phantasmal Flames,Ultra Rare,Firebreather,119/094,0.76,0.76,0.0,0.0,IGUAL,,,,SIN_REFERENCIA,OK,,2026-07-29 16:34:21,https://www.tcgplayer.com/product/662158/pokemon-me02-phantasmal-flames-firebreather-119-094?Condition=Near+Mint&Printing=Holofoil&page=1
SV: White Flare|Illustration Rare|Heatmor|104/086,SV: White Flare,Illustration Rare,Heatmor,104/086,8.4,8.4,0.0,0.0,IGUAL,,,,SIN_REFERENCIA,OK,,2026-07-29 16:34:21,https://www.tcgplayer.com/product/642216/pokemon-sv-white-flare-heatmor-104-086?Condition=Near+Mint&Printing=Holofoil&page=1
SV: White Flare|Special Illustration Rare|Hilda|171/086,SV: White Flare,Special Illustration Rare,Hilda,171/086,55.44,55.44,0.0,0.0,IGUAL,,,,SIN_REFERENCIA,OK,,2026-07-29 16:34:21,https://www.tcgplayer.com/product/642288/pokemon-sv-white-flare-hilda-171-086?Condition=Near+Mint&Printing=Holofoil&page=1
SV: White Flare|Special Illustration Rare|Jellicent ex|168/086,SV: White Flare,Special Illustration Rare,Jellicent ex,168/086,29.38,29.38,0.0,0.0,IGUAL,,,,SIN_REFERENCIA,OK,,2026-07-29 16:34:21,https://www.tcgplayer.com/product/642285/pokemon-sv-white-flare-jellicent-ex-168-086?Condition=Near+Mint&Printing=Holofoil&page=1
SV: White Flare|Ultra Rare|Keldeo ex|159/086,SV: White Flare,Ultra Rare,Keldeo ex,159/086,1.49,1.49,0.0,0.0,IGUAL,,,,SIN_REFERENCIA,OK,,2026-07-29 16:34:21,https://www.tcgplayer.com/product/642276/pokemon-sv-white-flare-keldeo-ex-159-086?Condition=Near+Mint&Printing=Holofoil&page=1
SV: White Flare|Special Illustration Rare|Keldeo ex|167/086,SV: White Flare,Special Illustration Rare,Keldeo ex,167/086,76.99,76.99,0.0,0.0,IGUAL,,,,SIN_REFERENCIA,OK,,2026-07-29 16:34:21,https://www.tcgplayer.com/product/642284/pokemon-sv-white-flare-keldeo-ex-167-086?Condition=Near+Mint&Printing=Holofoil&page=1
ME01: Mega Evolution|Special Illustration Rare|Lillie's Determination|184/132,ME01: Mega Evolution,Special Illustration Rare,Lillie's Determination,184/132,66.95,66.95,0.0,0.0,IGUAL,,,,SIN_REFERENCIA,OK,,2026-07-29 16:34:21,https://www.tcgplayer.com/product/654523/pokemon-me01-mega-evolution-lillies-determination-184-132?Condition=Near+Mint&Printing=Holofoil&page=1
ME: Ascended Heroes|Ultra Rare|Mega Audino ex|253/217,ME: Ascended Heroes,Ultra Rare,Mega Audino ex,253/217,1.42,1.42,0.0,0.0,IGUAL,,,,SIN_REFERENCIA,OK,,2026-07-29 16:34:21,https://www.tcgplayer.com/product/676065/pokemon-me-ascended-heroes-mega-audino-ex-253-217?Condition=Near+Mint&Printing=Holofoil&page=1
ME: Ascended Heroes|Special Illustration Rare|Mega Dragonite ex|290/217,ME: Ascended Heroes,Special Illustration Rare,Mega Dragonite ex,290/217,747.98,747.98,0.0,0.0,IGUAL,,,,SIN_REFERENCIA,OK,,2026-07-29 16:34:21,https://www.tcgplayer.com/product/676102/pokemon-me-ascended-heroes-mega-dragonite-ex-290-217?Condition=Near+Mint&Printing=Holofoil&page=1
ME: Ascended Heroes|Mega Hyper Rare|Mega Dragonite ex|295/217,ME: Ascended Heroes,Mega Hyper Rare,Mega Dragonite ex,295/217,285.7,285.7,0.0,0.0,IGUAL,,,,SIN_REFERENCIA,OK,,2026-07-29 16:34:21,https://www.tcgplayer.com/product/676107/pokemon-me-ascended-heroes-mega-dragonite-ex-295-217?Condition=Near+Mint&Printing=Holofoil&page=1
ME: Ascended Heroes|Special Illustration Rare|Mega Feraligatr ex|274/217,ME: Ascended Heroes,Special Illustration Rare,Mega Feraligatr ex,274/217,170.05,170.05,0.0,0.0,IGUAL,,,,SIN_REFERENCIA,OK,,2026-07-29 16:34:21,https://www.tcgplayer.com/product/676086/pokemon-me-ascended-heroes-mega-feraligatr-ex-274-217?Condition=Near+Mint&Printing=Holofoil&page=1
ME04: Chaos Rising|Double Rare|Mega Floette ex|035/086,ME04: Chaos Rising,Double Rare,Mega Floette ex,035/086,0.58,0.58,0.0,0.0,IGUAL,,,,SIN_REFERENCIA,OK,,2026-07-29 16:34:21,https://www.tcgplayer.com/product/693511/pokemon-me04-chaos-rising-mega-floette-ex-035-086?Condition=Near+Mint&Printing=Holofoil&page=1
ME04: Chaos Rising|Ultra Rare|Mega Floette ex|101/086,ME04: Chaos Rising,Ultra Rare,Mega Floette ex,101/086,3.72,3.72,0.0,0.0,IGUAL,,,,SIN_REFERENCIA,OK,,2026-07-29 16:34:21,https://www.tcgplayer.com/product/693512/pokemon-me04-chaos-rising-mega-floette-ex-101-086?Condition=Near+Mint&Printing=Holofoil&page=1
ME01: Mega Evolution|Mega Hyper Rare|Mega Gardevoir ex|187/132,ME01: Mega Evolution,Mega Hyper Rare,Mega Gardevoir ex,187/132,210.38,210.38,0.0,0.0,IGUAL,,,,SIN_REFERENCIA,OK,,2026-07-29 16:34:21,https://www.tcgplayer.com/product/654526/pokemon-me01-mega-evolution-mega-gardevoir-ex-187-132?Condition=Near+Mint&Printing=Holofoil&page=1
ME: Ascended Heroes|Special Illustration Rare|Mega Gengar ex|284/217,ME: Ascended Heroes,Special Illustration Rare,Mega Gengar ex,284/217,1250.73,1250.73,0.0,0.0,IGUAL,,,,SIN_REFERENCIA,OK,,2026-07-29 16:34:21,https://www.tcgplayer.com/product/676096/pokemon-me-ascended-heroes-mega-gengar-ex-284-217?Condition=Near+Mint&Printing=Holofoil&page=1
ME01: Mega Evolution|Ultra Rare|Mega Latias ex|163/132,ME01: Mega Evolution,Ultra Rare,Mega Latias ex,163/132,4.56,4.56,0.0,0.0,IGUAL,,,,SIN_REFERENCIA,OK,,2026-07-29 16:34:21,https://www.tcgplayer.com/product/654502/pokemon-me01-mega-evolution-mega-latias-ex-163-132?Condition=Near+Mint&Printing=Holofoil&page=1
ME01: Mega Evolution|Special Illustration Rare|Mega Latias ex|181/132,ME01: Mega Evolution,Special Illustration Rare,Mega Latias ex,181/132,92.9,92.9,0.0,0.0,IGUAL,,,,SIN_REFERENCIA,OK,,2026-07-29 16:34:21,https://www.tcgplayer.com/product/654520/pokemon-me01-mega-evolution-mega-latias-ex-181-132?Condition=Near+Mint&Printing=Holofoil&page=1
ME01: Mega Evolution|Special Illustration Rare|Mega Lucario ex|179/132,ME01: Mega Evolution,Special Illustration Rare,Mega Lucario ex,179/132,218.17,218.17,0.0,0.0,IGUAL,,,,SIN_REFERENCIA,OK,,2026-07-29 16:34:21,https://www.tcgplayer.com/product/654518/pokemon-me01-mega-evolution-mega-lucario-ex-179-132?Condition=Near+Mint&Printing=Holofoil&page=1
ME01: Mega Evolution|Mega Hyper Rare|Mega Lucario ex|188/132,ME01: Mega Evolution,Mega Hyper Rare,Mega Lucario ex,188/132,274.82,274.82,0.0,0.0,IGUAL,,,,SIN_REFERENCIA,OK,,2026-07-29 16:34:21,https://www.tcgplayer.com/product/654527/pokemon-me01-mega-evolution-mega-lucario-ex-188-132?Condition=Near+Mint&Printing=Holofoil&page=1
ME03: Perfect Order|Mega Hyper Rare|Mega Zygarde ex|124/088,ME03: Perfect Order,Mega Hyper Rare,Mega Zygarde ex,124/088,133.03,133.03,0.0,0.0,IGUAL,,,,SIN_REFERENCIA,OK,,2026-07-29 16:34:21,https://www.tcgplayer.com/product/684339/pokemon-me03-perfect-order-mega-zygarde-ex-124-088?Condition=Near+Mint&Printing=Holofoil&page=1
ME: Ascended Heroes|Illustration Rare|Misdreavus|233/217,ME: Ascended Heroes,Illustration Rare,Misdreavus,233/217,5.76,5.76,0.0,0.0,IGUAL,,,,SIN_REFERENCIA,OK,,2026-07-29 16:34:21,https://www.tcgplayer.com/product/676045/pokemon-me-ascended-heroes-misdreavus-233-217?Condition=Near+Mint&Printing=Holofoil&page=1
SV: White Flare|Illustration Rare|Patrat|152/086,SV: White Flare,Illustration Rare,Patrat,152/086,11.46,11.46,0.0,0.0,IGUAL,,,,SIN_REFERENCIA,OK,,2026-07-29 16:34:21,https://www.tcgplayer.com/product/642266/pokemon-sv-white-flare-patrat-152-086?Condition=Near+Mint&Printing=Holofoil&page=1
SV: Black Bolt|Illustration Rare|Pawniard|142/086,SV: Black Bolt,Illustration Rare,Pawniard,142/086,8.94,8.94,0.0,0.0,IGUAL,,,,SIN_REFERENCIA,OK,,2026-07-29 16:34:21,https://www.tcgplayer.com/product/642596/pokemon-sv-black-bolt-pawniard-142-086?Condition=Near+Mint&Printing=Holofoil&page=1
SV: Black Bolt|Illustration Rare|Pidove|148/086,SV: Black Bolt,Illustration Rare,Pidove,148/086,38.76,38.76,0.0,0.0,IGUAL,,,,SIN_REFERENCIA,OK,,2026-07-29 16:34:21,https://www.tcgplayer.com/product/642602/pokemon-sv-black-bolt-pidove-148-086?Condition=Near+Mint&Printing=Holofoil&page=1
ME: Ascended Heroes|Special Illustration Rare|Pikachu ex|276/217,ME: Ascended Heroes,Special Illustration Rare,Pikachu ex,276/217,1163.57,1163.57,0.0,0.0,IGUAL,,,,SIN_REFERENCIA,OK,,2026-07-29 16:34:21,https://www.tcgplayer.com/product/676088/pokemon-me-ascended-heroes-pikachu-ex-276-217?Condition=Near+Mint&Printing=Holofoil&page=1
ME02: Phantasmal Flames|Ultra Rare|Punk Helmet|121/094,ME02: Phantasmal Flames,Ultra Rare,Punk Helmet,121/094,0.81,0.81,0.0,0.0,IGUAL,,,,SIN_REFERENCIA,OK,,2026-07-29 16:34:21,https://www.tcgplayer.com/product/662218/pokemon-me02-phantasmal-flames-punk-helmet-121-094?Condition=Near+Mint&Printing=Holofoil&page=1
SV: White Flare|Illustration Rare|Purrloin|136/086,SV: White Flare,Illustration Rare,Purrloin,136/086,20.23,20.23,0.0,0.0,IGUAL,,,,SIN_REFERENCIA,OK,,2026-07-29 16:34:21,https://www.tcgplayer.com/product/642249/pokemon-sv-white-flare-purrloin-136-086?Condition=Near+Mint&Printing=Holofoil&page=1
SV10: Destined Rivals|Double Rare|Rabsca ex|025/182,SV10: Destined Rivals,Double Rare,Rabsca ex,025/182,0.57,0.57,0.0,0.0,IGUAL,,,,SIN_REFERENCIA,OK,,2026-07-29 16:34:21,https://www.tcgplayer.com/product/632848/pokemon-sv10-destined-rivals-rabsca-ex?Condition=Near+Mint&Printing=Holofoil&page=1
SV10: Destined Rivals|Ultra Rare|Regirock ex|214/182,SV10: Destined Rivals,Ultra Rare,Regirock ex,214/182,1.23,1.23,0.0,0.0,IGUAL,,,,SIN_REFERENCIA,OK,,2026-07-29 16:34:21,https://www.tcgplayer.com/product/633014/pokemon-sv10-destined-rivals-regirock-ex-214-182?Condition=Near+Mint&Printing=Holofoil&page=1
SV09: Journey Together|Double Rare|Reshiram ex|030/159,SV09: Journey Together,Double Rare,Reshiram ex,030/159,0.7,0.7,0.0,0.0,IGUAL,,,,SIN_REFERENCIA,OK,,2026-07-29 16:34:21,https://www.tcgplayer.com/product/623457/pokemon-sv09-journey-together-reshiram-ex?Condition=Near+Mint&Printing=Holofoil&page=1
SV: White Flare|Special Illustration Rare|Reshiram ex|166/086,SV: White Flare,Special Illustration Rare,Reshiram ex,166/086,215.92,215.92,0.0,0.0,IGUAL,,,,SIN_REFERENCIA,OK,,2026-07-29 16:34:21,https://www.tcgplayer.com/product/642283/pokemon-sv-white-flare-reshiram-ex-166-086?Condition=Near+Mint&Printing=Holofoil&page=1
ME03: Perfect Order|Double Rare|Salazzle ex|016/088,ME03: Perfect Order,Double Rare,Salazzle ex,016/088,0.48,0.48,0.0,0.0,IGUAL,,,,SIN_REFERENCIA,OK,,2026-07-29 16:34:21,https://www.tcgplayer.com/product/684376/pokemon-me03-perfect-order-salazzle-ex-016-088?Condition=Near+Mint&Printing=Holofoil&page=1
SV: Black Bolt|Ultra Rare|Serperior ex|156/086,SV: Black Bolt,Ultra Rare,Serperior ex,156/086,1.23,1.23,0.0,0.0,IGUAL,,,,SIN_REFERENCIA,OK,,2026-07-29 16:34:21,https://www.tcgplayer.com/product/642608/pokemon-sv-black-bolt-serperior-ex-156-086?Condition=Near+Mint&Printing=Holofoil&page=1
SV: White Flare|Illustration Rare|Sewaddle|087/086,SV: White Flare,Illustration Rare,Sewaddle,087/086,19.76,19.76,0.0,0.0,IGUAL,,,,SIN_REFERENCIA,OK,,2026-07-29 16:34:21,https://www.tcgplayer.com/product/642202/pokemon-sv-white-flare-sewaddle-087-086?Condition=Near+Mint&Printing=Holofoil&page=1
SV09: Journey Together|Hyper Rare|Spiky Energy|190/159,SV09: Journey Together,Hyper Rare,Spiky Energy,190/159,4.03,4.03,0.0,0.0,IGUAL,,,,SIN_REFERENCIA,OK,,2026-07-29 16:34:21,https://www.tcgplayer.com/product/623617/pokemon-sv09-journey-together-spiky-energy-190-159?Condition=Near+Mint&Printing=Holofoil&page=1
ME: Ascended Heroes|Special Illustration Rare|Steven's Metagross ex|289/217,ME: Ascended Heroes,Special Illustration Rare,Steven's Metagross ex,289/217,97.02,97.02,0.0,0.0,IGUAL,,,,SIN_REFERENCIA,OK,,2026-07-29 16:34:21,https://www.tcgplayer.com/product/676101/pokemon-me-ascended-heroes-stevens-metagross-ex?Condition=Near+Mint&Printing=Holofoil&page=1
SV: White Flare|Illustration Rare|Swadloon|088/086,SV: White Flare,Illustration Rare,Swadloon,088/086,12.31,12.31,0.0,0.0,IGUAL,,,,SIN_REFERENCIA,OK,,2026-07-29 16:34:21,https://www.tcgplayer.com/product/642203/pokemon-sv-white-flare-swadloon-088-086?Condition=Near+Mint&Printing=Holofoil&page=1
SV: White Flare|Illustration Rare|Swanna|110/086,SV: White Flare,Illustration Rare,Swanna,110/086,15.44,15.44,0.0,0.0,IGUAL,,,,SIN_REFERENCIA,OK,,2026-07-29 16:34:21,https://www.tcgplayer.com/product/642222/pokemon-sv-white-flare-swanna-110-086?Condition=Near+Mint&Printing=Holofoil&page=1
SV10: Destined Rivals|Double Rare|Team Rocket's Crobat ex|122/182,SV10: Destined Rivals,Double Rare,Team Rocket's Crobat ex,122/182,0.49,0.49,0.0,0.0,IGUAL,,,,SIN_REFERENCIA,OK,,2026-07-29 16:34:21,https://www.tcgplayer.com/product/632930/pokemon-sv10-destined-rivals-team-rockets-crobat-ex-122-182?Condition=Near+Mint&Printing=Holofoil&page=1
SV10: Destined Rivals|Special Illustration Rare|Team Rocket's Crobat ex|234/182,SV10: Destined Rivals,Special Illustration Rare,Team Rocket's Crobat ex,234/182,67.69,67.69,0.0,0.0,IGUAL,,,,SIN_REFERENCIA,OK,,2026-07-29 16:34:21,https://www.tcgplayer.com/product/633034/pokemon-sv10-destined-rivals-team-rockets-crobat-ex-234-182?Condition=Near+Mint&Printing=Holofoil&page=1
SV10: Destined Rivals|Special Illustration Rare|Team Rocket's Mewtwo ex|231/182,SV10: Destined Rivals,Special Illustration Rare,Team Rocket's Mewtwo ex,231/182,532.9,532.9,0.0,0.0,IGUAL,,,,SIN_REFERENCIA,OK,,2026-07-29 16:34:21,https://www.tcgplayer.com/product/633031/pokemon-sv10-destined-rivals-team-rockets-mewtwo-ex-231-182?Condition=Near+Mint&Printing=Holofoil&page=1
SV10: Destined Rivals|Illustration Rare|Team Rocket's Orbeetle|198/182,SV10: Destined Rivals,Illustration Rare,Team Rocket's Orbeetle,198/182,3.71,3.71,0.0,0.0,IGUAL,,,,SIN_REFERENCIA,OK,,2026-07-29 16:34:21,https://www.tcgplayer.com/product/632998/pokemon-sv10-destined-rivals-team-rockets-orbeetle-198-182?Condition=Near+Mint&Printing=Holofoil&page=1
SV10: Destined Rivals|Illustration Rare|Team Rocket's Weezing|199/182,SV10: Destined Rivals,Illustration Rare,Team Rocket's Weezing,199/182,7.91,7.91,0.0,0.0,IGUAL,,,,SIN_REFERENCIA,OK,,2026-07-29 16:34:21,https://www.tcgplayer.com/product/632999/pokemon-sv10-destined-rivals-team-rockets-weezing-199-182?Condition=Near+Mint&Printing=Holofoil&page=1
SV: Black Bolt|Illustration Rare|Tranquill|149/086,SV: Black Bolt,Illustration Rare,Tranquill,149/086,5.89,5.89,0.0,0.0,IGUAL,,,,SIN_REFERENCIA,OK,,2026-07-29 16:34:21,https://www.tcgplayer.com/product/642603/pokemon-sv-black-bolt-tranquill-149-086?Condition=Near+Mint&Printing=Holofoil&page=1
SV: Black Bolt|Illustration Rare|Tynamo|113/086,SV: Black Bolt,Illustration Rare,Tynamo,113/086,19.01,19.01,0.0,0.0,IGUAL,,,,SIN_REFERENCIA,OK,,2026-07-29 16:34:21,https://www.tcgplayer.com/product/642566/pokemon-sv-black-bolt-tynamo-113-086?Condition=Near+Mint&Printing=Holofoil&page=1
ME01: Mega Evolution|Special Illustration Rare|Wally's Compassion|186/132,ME01: Mega Evolution,Special Illustration Rare,Wally's Compassion,186/132,19.92,19.92,0.0,0.0,IGUAL,,,,SIN_REFERENCIA,OK,,2026-07-29 16:34:21,https://www.tcgplayer.com/product/654525/pokemon-me01-mega-evolution-wallys-compassion-186-132?Condition=Near+Mint&Printing=Holofoil&page=1
SV: Black Bolt|Special Illustration Rare|Zekrom ex|166/086,SV: Black Bolt,Special Illustration Rare,Zekrom ex,166/086,282.66,282.66,0.0,0.0,IGUAL,,,,SIN_REFERENCIA,OK,,2026-07-29 16:34:21,https://www.tcgplayer.com/product/642618/pokemon-sv-black-bolt-zekrom-ex-166-086?Condition=Near+Mint&Printing=Holofoil&page=1
SV: White Flare|Illustration Rare|Basculin|108/086,SV: White Flare,Illustration Rare,Basculin,108/086,,9.47,,,NUEVO,,,,SIN_REFERENCIA,OK,,2026-07-29 16:34:21,https://www.tcgplayer.com/product/642220/pokemon-sv-white-flare-basculin-108-086?Condition=Near+Mint&Printing=Holofoil&page=1
SV: Black Bolt|Illustration Rare|Darumaka|097/086,SV: Black Bolt,Illustration Rare,Darumaka,097/086,,16.8,,,NUEVO,,,,SIN_REFERENCIA,OK,,2026-07-29 16:34:21,https://www.tcgplayer.com/product/642547/pokemon-sv-black-bolt-darumaka-097-086?Condition=Near+Mint&Printing=Holofoil&page=1
ME01: Mega Evolution|Ultra Rare|Air Balloon|166/132,ME01: Mega Evolution,Ultra Rare,Air Balloon,166/132,2.41,2.43,0.020000000000000018,0.008298755186721999,SUBIO,,,,SIN_REFERENCIA,OK,,2026-07-29 16:34:21,https://www.tcgplayer.com/product/654505/pokemon-me01-mega-evolution-air-balloon?Condition=Near+Mint&Printing=Holofoil&page=1
ME02: Phantasmal Flames|Illustration Rare|Ambipom|107/094,ME02: Phantasmal Flames,Illustration Rare,Ambipom,107/094,2.35,2.68,0.33000000000000007,0.14042553191489365,SUBIO,,,,SIN_REFERENCIA,OK,,2026-07-29 16:34:21,https://www.tcgplayer.com/product/662128/pokemon-me02-phantasmal-flames-ambipom-107-094?Condition=Near+Mint&Printing=Holofoil&page=1
SV09: Journey Together|Double Rare|Amoonguss ex|011/159,SV09: Journey Together,Double Rare,Amoonguss ex,011/159,0.55,0.58,0.029999999999999916,0.05454545454545439,SUBIO,,,,SIN_REFERENCIA,OK,,2026-07-29 16:34:21,https://www.tcgplayer.com/product/623438/pokemon-sv09-journey-together-amoonguss-ex?Condition=Near+Mint&Printing=Holofoil&page=1
ME: Ascended Heroes|Ultra Rare|Anthea & Concordia|254/217,ME: Ascended Heroes,Ultra Rare,Anthea & Concordia,254/217,1.04,1.06,0.020000000000000018,0.019230769230769246,SUBIO,,,,SIN_REFERENCIA,OK,,2026-07-29 16:34:21,https://www.tcgplayer.com/product/676066/pokemon-me-ascended-heroes-anthea-and-concordia-254-217?Condition=Near+Mint&Printing=Holofoil&page=1
SV10: Destined Rivals|Double Rare|Arboliva ex|023/182,SV10: Destined Rivals,Double Rare,Arboliva ex,023/182,0.62,0.66,0.040000000000000036,0.06451612903225812,SUBIO,,,,SIN_REFERENCIA,OK,,2026-07-29 16:34:21,https://www.tcgplayer.com/product/630807/pokemon-sv10-destined-rivals-arboliva-ex?Condition=Near+Mint&Printing=Holofoil&page=1
SV: White Flare|Illustration Rare|Archen|131/086,SV: White Flare,Illustration Rare,Archen,131/086,11.19,11.22,0.030000000000001137,0.0026809651474531846,SUBIO,,,,SIN_REFERENCIA,OK,,2026-07-29 16:34:21,https://www.tcgplayer.com/product/642244/pokemon-sv-white-flare-archen-131-086?Condition=Near+Mint&Printing=Holofoil&page=1
SV09: Journey Together|Illustration Rare|Articuno|161/159,SV09: Journey Together,Illustration Rare,Articuno,161/159,23.1,23.71,0.6099999999999994,0.026406926406926382,SUBIO,,,,SIN_REFERENCIA,OK,,2026-07-29 16:34:21,https://www.tcgplayer.com/product/623588/pokemon-sv09-journey-together-articuno-161-159?Condition=Near+Mint&Printing=Holofoil&page=1
SV10: Destined Rivals|Ultra Rare|Arven's Mabosstiff ex|218/182,SV10: Destined Rivals,Ultra Rare,Arven's Mabosstiff ex,218/182,1.32,1.35,0.030000000000000027,0.022727272727272745,SUBIO,,,,SIN_REFERENCIA,OK,,2026-07-29 16:34:21,https://www.tcgplayer.com/product/633018/pokemon-sv10-destined-rivals-arvens-mabosstiff-ex-218-182?Condition=Near+Mint&Printing=Holofoil&page=1
ME03: Perfect Order|Illustration Rare|Aurorus|092/088,ME03: Perfect Order,Illustration Rare,Aurorus,092/088,2.82,3.24,0.4200000000000004,0.1489361702127661,SUBIO,,,,SIN_REFERENCIA,OK,,2026-07-29 16:34:21,https://www.tcgplayer.com/product/684357/pokemon-me03-perfect-order-aurorus-092-088?Condition=Near+Mint&Printing=Holofoil&page=1
SV: Black Bolt|Illustration Rare|Beartic|110/086,SV: Black Bolt,Illustration Rare,Beartic,110/086,10.76,10.83,0.07000000000000028,0.006505576208178465,SUBIO,,,,SIN_REFERENCIA,OK,,2026-07-29 16:34:21,https://www.tcgplayer.com/product/642563/pokemon-sv-black-bolt-beartic-110-086?Condition=Near+Mint&Printing=Holofoil&page=1
ME: Ascended Heroes|Ultra Rare|Black Belt's Training|255/217,ME: Ascended Heroes,Ultra Rare,Black Belt's Training,255/217,0.76,0.77,0.010000000000000009,0.013157894736842117,SUBIO,,,,SIN_REFERENCIA,OK,,2026-07-29 16:34:21,https://www.tcgplayer.com/product/676067/pokemon-me-ascended-heroes-black-belts-training?Condition=Near+Mint&Printing=Holofoil&page=1
SV10: Destined Rivals|Illustration Rare|Blaziken|192/182,SV10: Destined Rivals,Illustration Rare,Blaziken,192/182,11.5,11.92,0.41999999999999993,0.03652173913043478,SUBIO,,,,SIN_REFERENCIA,OK,,2026-07-29 16:34:21,https://www.tcgplayer.com/product/632992/pokemon-sv10-destined-rivals-blaziken-192-182?Condition=Near+Mint&Printing=Holofoil&page=1
SV09: Journey Together|Double Rare|Blaziken ex|024/159,SV09: Journey Together,Double Rare,Blaziken ex,024/159,1.29,1.37,0.08000000000000007,0.06201550387596905,SUBIO,,,,SIN_REFERENCIA,OK,,2026-07-29 16:34:21,https://www.tcgplayer.com/product/623451/pokemon-sv09-journey-together-blaziken-ex?Condition=Near+Mint&Printing=Holofoil&page=1
ME: Ascended Heroes|Ultra Rare|Boss's Orders [Corbeau]|256/217,ME: Ascended Heroes,Ultra Rare,Boss's Orders [Corbeau],256/217,6.31,6.5,0.1900000000000004,0.030110935023771854,SUBIO,,,,SIN_REFERENCIA,OK,,2026-07-29 16:34:21,https://www.tcgplayer.com/product/676068/pokemon-me-ascended-heroes-bosss-orders-corbeau-256-217?Condition=Near+Mint&Printing=Holofoil&page=1
SV: White Flare|Ultra Rare|Bouffalant ex|162/086,SV: White Flare,Ultra Rare,Bouffalant ex,162/086,0.7,0.74,0.040000000000000036,0.0571428571428572,SUBIO,,,,SIN_REFERENCIA,OK,,2026-07-29 16:34:21,https://www.tcgplayer.com/product/642279/pokemon-sv-white-flare-bouffalant-ex-162-086?Condition=Near+Mint&Printing=Holofoil&page=1
SV: White Flare|Special Illustration Rare|Bouffalant ex|170/086,SV: White Flare,Special Illustration Rare,Bouffalant ex,170/086,18.79,18.83,0.03999999999999915,0.0021287919105906945,SUBIO,,,,SIN_REFERENCIA,OK,,2026-07-29 16:34:21,https://www.tcgplayer.com/product/642287/pokemon-sv-white-flare-bouffalant-ex-170-086?Condition=Near+Mint&Printing=Holofoil&page=1
ME01: Mega Evolution|Ultra Rare|Buddy-Buddy Poffin|167/132,ME01: Mega Evolution,Ultra Rare,Buddy-Buddy Poffin,167/132,5.19,5.24,0.04999999999999982,0.009633911368015379,SUBIO,,,,SIN_REFERENCIA,OK,,2026-07-29 16:34:21,https://www.tcgplayer.com/product/654506/pokemon-me01-mega-evolution-buddy-buddy-poffin?Condition=Near+Mint&Printing=Holofoil&page=1
ME: Ascended Heroes|Illustration Rare|Budew|221/217,ME: Ascended Heroes,Illustration Rare,Budew,221/217,7.05,7.59,0.54,0.07659574468085108,SUBIO,,,,SIN_REFERENCIA,OK,,2026-07-29 16:34:21,https://www.tcgplayer.com/product/676033/pokemon-me-ascended-heroes-budew-221-217?Condition=Near+Mint&Printing=Holofoil&page=1
ME: Ascended Heroes|Ultra Rare|Canari|257/217,ME: Ascended Heroes,Ultra Rare,Canari,257/217,3.2,3.24,0.040000000000000036,0.012500000000000011,SUBIO,,,,SIN_REFERENCIA,OK,,2026-07-29 16:34:21,https://www.tcgplayer.com/product/676069/pokemon-me-ascended-heroes-canari-257-217?Condition=Near+Mint&Printing=Holofoil&page=1
SV: Black Bolt|Illustration Rare|Carracosta|107/086,SV: Black Bolt,Illustration Rare,Carracosta,107/086,14.15,14.41,0.2599999999999998,0.01837455830388691,SUBIO,,,,SIN_REFERENCIA,OK,,2026-07-29 16:34:21,https://www.tcgplayer.com/product/642560/pokemon-sv-black-bolt-carracosta-107-086?Condition=Near+Mint&Printing=Holofoil&page=1
SV10: Destined Rivals|Double Rare|Cetitan ex|065/182,SV10: Destined Rivals,Double Rare,Cetitan ex,065/182,0.41,0.43,0.020000000000000018,0.04878048780487809,SUBIO,,,,SIN_REFERENCIA,OK,,2026-07-29 16:34:21,https://www.tcgplayer.com/product/632878/pokemon-sv10-destined-rivals-cetitan-ex-065-182?Condition=Near+Mint&Printing=Holofoil&page=1
SV10: Destined Rivals|Ultra Rare|Cetitan ex|210/182,SV10: Destined Rivals,Ultra Rare,Cetitan ex,210/182,1.12,1.14,0.019999999999999796,0.017857142857142672,SUBIO,,,,SIN_REFERENCIA,OK,,2026-07-29 16:34:21,https://www.tcgplayer.com/product/633010/pokemon-sv10-destined-rivals-cetitan-ex-210-182?Condition=Near+Mint&Printing=Holofoil&page=1
ME: Ascended Heroes|Ultra Rare|Cheren|258/217,ME: Ascended Heroes,Ultra Rare,Cheren,258/217,0.75,0.76,0.010000000000000009,0.013333333333333345,SUBIO,,,,SIN_REFERENCIA,OK,,2026-07-29 16:34:21,https://www.tcgplayer.com/product/676070/pokemon-me-ascended-heroes-cheren?Condition=Near+Mint&Printing=Holofoil&page=1
ME04: Chaos Rising|Double Rare|Cinccino ex|073/086,ME04: Chaos Rising,Double Rare,Cinccino ex,073/086,0.54,0.55,0.010000000000000009,0.018518518518518535,SUBIO,,,,SIN_REFERENCIA,OK,,2026-07-29 16:34:21,https://www.tcgplayer.com/product/693463/pokemon-me04-chaos-rising-cinccino-ex-073-086?Condition=Near+Mint&Printing=Holofoil&page=1
ME04: Chaos Rising|Special Illustration Rare|Cinccino ex|119/086,ME04: Chaos Rising,Special Illustration Rare,Cinccino ex,119/086,65.49,65.9,0.4100000000000108,0.0062604977859216804,SUBIO,,,,SIN_REFERENCIA,OK,,2026-07-29 16:34:21,https://www.tcgplayer.com/product/693465/pokemon-me04-chaos-rising-cinccino-ex-119-086?Condition=Near+Mint&Printing=Holofoil&page=1
ME04: Chaos Rising|Illustration Rare|Claydol|092/086,ME04: Chaos Rising,Illustration Rare,Claydol,092/086,2.14,2.17,0.029999999999999805,0.014018691588784955,SUBIO,,,,SIN_REFERENCIA,OK,,2026-07-29 16:34:21,https://www.tcgplayer.com/product/693467/pokemon-me04-chaos-rising-claydol-092-086?Condition=Near+Mint&Printing=Holofoil&page=1
ME03: Perfect Order|Illustration Rare|Clefairy|094/088,ME03: Perfect Order,Illustration Rare,Clefairy,094/088,22.38,23.39,1.0100000000000016,0.04512957998212697,SUBIO,,,,SIN_REFERENCIA,OK,,2026-07-29 16:34:21,https://www.tcgplayer.com/product/684415/pokemon-me03-perfect-order-clefairy-094-088?Condition=Near+Mint&Printing=Holofoil&page=1
ME04: Chaos Rising|Ultra Rare|Cobalion ex|103/086,ME04: Chaos Rising,Ultra Rare,Cobalion ex,103/086,1.86,1.92,0.05999999999999983,0.03225806451612894,SUBIO,,,,SIN_REFERENCIA,OK,,2026-07-29 16:34:21,https://www.tcgplayer.com/product/693469/pokemon-me04-chaos-rising-cobalion-ex-103-086?Condition=Near+Mint&Printing=Holofoil&page=1
ME: Ascended Heroes|Ultra Rare|Counter Gain|259/217,ME: Ascended Heroes,Ultra Rare,Counter Gain,259/217,0.62,0.63,0.010000000000000009,0.01612903225806453,SUBIO,,,,SIN_REFERENCIA,OK,,2026-07-29 16:34:21,https://www.tcgplayer.com/product/676071/pokemon-me-ascended-heroes-counter-gain-259-217?Condition=Near+Mint&Printing=Holofoil&page=1
ME04: Chaos Rising|Illustration Rare|Crobat|093/086,ME04: Chaos Rising,Illustration Rare,Crobat,093/086,3.11,3.24,0.13000000000000034,0.04180064308681683,SUBIO,,,,SIN_REFERENCIA,OK,,2026-07-29 16:34:21,https://www.tcgplayer.com/product/693471/pokemon-me04-chaos-rising-crobat-093-086?Condition=Near+Mint&Printing=Holofoil&page=1
SV: Black Bolt|Illustration Rare|Crustle|130/086,SV: Black Bolt,Illustration Rare,Crustle,130/086,7.64,7.7,0.0600000000000005,0.007853403141361322,SUBIO,,,,SIN_REFERENCIA,OK,,2026-07-29 16:34:21,https://www.tcgplayer.com/product/642585/pokemon-sv-black-bolt-crustle-130-086?Condition=Near+Mint&Printing=Holofoil&page=1
SV10: Destined Rivals|Hyper Rare|Cynthia's Garchomp ex|241/182,SV10: Destined Rivals,Hyper Rare,Cynthia's Garchomp ex,241/182,30.53,30.62,0.08999999999999986,0.002947920078611197,SUBIO,,,,SIN_REFERENCIA,OK,,2026-07-29 16:34:21,https://www.tcgplayer.com/product/633041/pokemon-sv10-destined-rivals-cynthias-garchomp-ex-241-182?Condition=Near+Mint&Printing=Holofoil&page=1
SV10: Destined Rivals|Illustration Rare|Cynthia's Roserade|184/182,SV10: Destined Rivals,Illustration Rare,Cynthia's Roserade,184/182,14.48,14.6,0.11999999999999922,0.008287292817679504,SUBIO,,,,SIN_REFERENCIA,OK,,2026-07-29 16:34:21,https://www.tcgplayer.com/product/632984/pokemon-sv10-destined-rivals-cynthias-roserade-184-182?Condition=Near+Mint&Printing=Holofoil&page=1
ME02: Phantasmal Flames|Ultra Rare|Dawn|118/094,ME02: Phantasmal Flames,Ultra Rare,Dawn,118/094,5.98,6.15,0.16999999999999993,0.028428093645484934,SUBIO,,,,SIN_REFERENCIA,OK,,2026-07-29 16:34:21,https://www.tcgplayer.com/product/662149/pokemon-me02-phantasmal-flames-dawn-118-094?Condition=Near+Mint&Printing=Holofoil&page=1
ME02: Phantasmal Flames|Special Illustration Rare|Dawn|129/094,ME02: Phantasmal Flames,Special Illustration Rare,Dawn,129/094,23.95,24.0,0.05000000000000071,0.00208768267223385,SUBIO,,,,SIN_REFERENCIA,OK,,2026-07-29 16:34:21,https://www.tcgplayer.com/product/662150/pokemon-me02-phantasmal-flames-dawn-129-094?Condition=Near+Mint&Printing=Holofoil&page=1
ME03: Perfect Order|Illustration Rare|Dedenne|093/088,ME03: Perfect Order,Illustration Rare,Dedenne,093/088,5.5,5.69,0.1900000000000004,0.034545454545454615,SUBIO,,,,SIN_REFERENCIA,OK,,2026-07-29 16:34:21,https://www.tcgplayer.com/product/684413/pokemon-me03-perfect-order-dedenne-093-088?Condition=Near+Mint&Printing=Holofoil&page=1
ME01: Mega Evolution|Illustration Rare|Delibird|152/132,ME01: Mega Evolution,Illustration Rare,Delibird,152/132,2.53,2.61,0.08000000000000007,0.03162055335968383,SUBIO,,,,SIN_REFERENCIA,OK,,2026-07-29 16:34:21,https://www.tcgplayer.com/product/654491/pokemon-me01-mega-evolution-delibird-152-132?Condition=Near+Mint&Printing=Holofoil&page=1
ME02: Phantasmal Flames|Illustration Rare|Dewgong|097/094,ME02: Phantasmal Flames,Illustration Rare,Dewgong,097/094,4.42,4.92,0.5,0.11312217194570136,SUBIO,,,,SIN_REFERENCIA,OK,,2026-07-29 16:34:21,https://www.tcgplayer.com/product/662152/pokemon-me02-phantasmal-flames-dewgong-097-094?Condition=Near+Mint&Printing=Holofoil&page=1
SV10: Destined Rivals|Ultra Rare|Dondozo ex|211/182,SV10: Destined Rivals,Ultra Rare,Dondozo ex,211/182,0.93,1.03,0.09999999999999998,0.10752688172043008,SUBIO,,,,SIN_REFERENCIA,OK,,2026-07-29 16:34:21,https://www.tcgplayer.com/product/633011/pokemon-sv10-destined-rivals-dondozo-ex-211-182?Condition=Near+Mint&Printing=Holofoil&page=1
ME03: Perfect Order|Illustration Rare|Doublade|098/088,ME03: Perfect Order,Illustration Rare,Doublade,098/088,1.9,1.99,0.09000000000000008,0.04736842105263162,SUBIO,,,,SIN_REFERENCIA,OK,,2026-07-29 16:34:21,https://www.tcgplayer.com/product/684380/pokemon-me03-perfect-order-doublade-098-088?Condition=Near+Mint&Printing=Holofoil&page=1
ME: Ascended Heroes|Double Rare|Dragapult ex|160/217,ME: Ascended Heroes,Double Rare,Dragapult ex,160/217,0.88,1.04,0.16000000000000003,0.18181818181818185,SUBIO,,,,SIN_REFERENCIA,OK,,2026-07-29 16:34:21,https://www.tcgplayer.com/product/675972/pokemon-me-ascended-heroes-dragapult-ex?Condition=Near+Mint&Printing=Holofoil&page=1
ME03: Perfect Order|Illustration Rare|Drapion|097/088,ME03: Perfect Order,Illustration Rare,Drapion,097/088,1.29,1.31,0.020000000000000018,0.015503875968992262,SUBIO,,,,SIN_REFERENCIA,OK,,2026-07-29 16:34:21,https://www.tcgplayer.com/product/684434/pokemon-me03-perfect-order-drapion-097-088?Condition=Near+Mint&Printing=Holofoil&page=1
SV: Black Bolt|Illustration Rare|Dwebble|129/086,SV: Black Bolt,Illustration Rare,Dwebble,129/086,62.31,62.7,0.39000000000000057,0.00625902744342803,SUBIO,,,,SIN_REFERENCIA,OK,,2026-07-29 16:34:21,https://www.tcgplayer.com/product/642584/pokemon-sv-black-bolt-dwebble-129-086?Condition=Near+Mint&Printing=Holofoil&page=1
SV10: Destined Rivals|Ultra Rare|Electivire ex|212/182,SV10: Destined Rivals,Ultra Rare,Electivire ex,212/182,1.16,1.24,0.08000000000000007,0.06896551724137938,SUBIO,,,,SIN_REFERENCIA,OK,,2026-07-29 16:34:21,https://www.tcgplayer.com/product/633012/pokemon-sv10-destined-rivals-electivire-ex-212-182?Condition=Near+Mint&Printing=Holofoil&page=1
SV10: Destined Rivals|Illustration Rare|Electrike|196/182,SV10: Destined Rivals,Illustration Rare,Electrike,196/182,3.53,3.77,0.2400000000000002,0.06798866855524086,SUBIO,,,,SIN_REFERENCIA,OK,,2026-07-29 16:34:21,https://www.tcgplayer.com/product/632996/pokemon-sv10-destined-rivals-electrike-196-182?Condition=Near+Mint&Printing=Holofoil&page=1
SV10: Destined Rivals|Ultra Rare|Emcee's Hype|220/182,SV10: Destined Rivals,Ultra Rare,Emcee's Hype,220/182,1.67,1.72,0.050000000000000044,0.02994011976047907,SUBIO,,,,SIN_REFERENCIA,OK,,2026-07-29 16:34:21,https://www.tcgplayer.com/product/633020/pokemon-sv10-destined-rivals-emcees-hype-220-182?Condition=Near+Mint&Printing=Holofoil&page=1
ME02: Phantasmal Flames|Double Rare|Empoleon ex|070/094,ME02: Phantasmal Flames,Double Rare,Empoleon ex,070/094,0.51,0.54,0.030000000000000027,0.058823529411764754,SUBIO,,,,SIN_REFERENCIA,OK,,2026-07-29 16:34:21,https://www.tcgplayer.com/product/662155/pokemon-me02-phantasmal-flames-empoleon-ex-070-094?Condition=Near+Mint&Printing=Holofoil&page=1
ME03: Perfect Order|Ultra Rare|Energy Recycler|108/088,ME03: Perfect Order,Ultra Rare,Energy Recycler,108/088,1.91,1.94,0.030000000000000027,0.015706806282722526,SUBIO,,,,SIN_REFERENCIA,OK,,2026-07-29 16:34:21,https://www.tcgplayer.com/product/684327/pokemon-me03-perfect-order-energy-recycler?Condition=Near+Mint&Printing=Holofoil&page=1
ME04: Chaos Rising|Ultra Rare|Energy Retrieval|108/086,ME04: Chaos Rising,Ultra Rare,Energy Retrieval,108/086,1.84,1.89,0.04999999999999982,0.027173913043478163,SUBIO,,,,SIN_REFERENCIA,OK,,2026-07-29 16:34:21,https://www.tcgplayer.com/product/693482/pokemon-me04-chaos-rising-energy-retrieval?Condition=Near+Mint&Printing=Holofoil&page=1
ME: Ascended Heroes|Double Rare|Erika's Vileplume ex|003/217,ME: Ascended Heroes,Double Rare,Erika's Vileplume ex,003/217,0.8,0.83,0.029999999999999916,0.037499999999999895,SUBIO,,,,SIN_REFERENCIA,OK,,2026-07-29 16:34:21,https://www.tcgplayer.com/product/675815/pokemon-me-ascended-heroes-erikas-vileplume-ex?Condition=Near+Mint&Printing=Holofoil&page=1
ME03: Perfect Order|Illustration Rare|Espurr|095/088,ME03: Perfect Order,Illustration Rare,Espurr,095/088,4.1,4.18,0.08000000000000007,0.019512195121951237,SUBIO,,,,SIN_REFERENCIA,OK,,2026-07-29 16:34:21,https://www.tcgplayer.com/product/684418/pokemon-me03-perfect-order-espurr-095-088?Condition=Near+Mint&Printing=Holofoil&page=1
SV10: Destined Rivals|Double Rare|Ethan's Ho-Oh ex|039/182,SV10: Destined Rivals,Double Rare,Ethan's Ho-Oh ex,039/182,0.58,0.64,0.06000000000000005,0.10344827586206906,SUBIO,,,,SIN_REFERENCIA,OK,,2026-07-29 16:34:21,https://www.tcgplayer.com/product/632858/pokemon-sv10-destined-rivals-ethans-ho-oh-ex-039-182?Condition=Near+Mint&Printing=Holofoil&page=1
SV10: Destined Rivals|Hyper Rare|Ethan's Ho-Oh ex|239/182,SV10: Destined Rivals,Hyper Rare,Ethan's Ho-Oh ex,239/182,27.79,28.19,0.40000000000000213,0.014393666786613968,SUBIO,,,,SIN_REFERENCIA,OK,,2026-07-29 16:34:21,https://www.tcgplayer.com/product/633039/pokemon-sv10-destined-rivals-ethans-ho-oh-ex-239-182?Condition=Near+Mint&Printing=Holofoil&page=1
SV: Black Bolt|Double Rare|Excadrill ex|046/086,SV: Black Bolt,Double Rare,Excadrill ex,046/086,0.52,0.56,0.040000000000000036,0.07692307692307698,SUBIO,,,,SIN_REFERENCIA,OK,,2026-07-29 16:34:21,https://www.tcgplayer.com/product/642498/pokemon-sv-black-bolt-excadrill-ex?Condition=Near+Mint&Printing=Holofoil&page=1
SV: Black Bolt|Special Illustration Rare|Excadrill ex|168/086,SV: Black Bolt,Special Illustration Rare,Excadrill ex,168/086,23.54,23.66,0.120000000000001,0.005097706032285514,SUBIO,,,,SIN_REFERENCIA,OK,,2026-07-29 16:34:21,https://www.tcgplayer.com/product/642620/pokemon-sv-black-bolt-excadrill-ex-168-086?Condition=Near+Mint&Printing=Holofoil&page=1
ME01: Mega Evolution|Illustration Rare|Exeggutor|135/132,ME01: Mega Evolution,Illustration Rare,Exeggutor,135/132,5.33,5.4,0.07000000000000028,0.013133208255159528,SUBIO,,,,SIN_REFERENCIA,OK,,2026-07-29 16:34:21,https://www.tcgplayer.com/product/654474/pokemon-me01-mega-evolution-exeggutor-135-132?Condition=Near+Mint&Printing=Holofoil&page=1
ME: Ascended Heroes|Illustration Rare|Fan Rotom|250/217,ME: Ascended Heroes,Illustration Rare,Fan Rotom,250/217,3.63,3.84,0.20999999999999996,0.05785123966942148,SUBIO,,,,SIN_REFERENCIA,OK,,2026-07-29 16:34:21,https://www.tcgplayer.com/product/676062/pokemon-me-ascended-heroes-fan-rotom-250-217?Condition=Near+Mint&Printing=Holofoil&page=1
ME01: Mega Evolution|Ultra Rare|Fighting Gong|168/132,ME01: Mega Evolution,Ultra Rare,Fighting Gong,168/132,2.02,2.03,0.009999999999999787,0.004950495049504845,SUBIO,,,,SIN_REFERENCIA,OK,,2026-07-29 16:34:21,https://www.tcgplayer.com/product/654507/pokemon-me01-mega-evolution-fighting-gong-168-132?Condition=Near+Mint&Printing=Holofoil&page=1
ME02: Phantasmal Flames|Illustration Rare|Flygon|101/094,ME02: Phantasmal Flames,Illustration Rare,Flygon,101/094,5.42,5.98,0.5600000000000005,0.1033210332103322,SUBIO,,,,SIN_REFERENCIA,OK,,2026-07-29 16:34:21,https://www.tcgplayer.com/product/662160/pokemon-me02-phantasmal-flames-flygon-101-094?Condition=Near+Mint&Printing=Holofoil&page=1
ME04: Chaos Rising|Illustration Rare|Frogadier|089/086,ME04: Chaos Rising,Illustration Rare,Frogadier,089/086,7.3,7.73,0.4300000000000006,0.05890410958904118,SUBIO,,,,SIN_REFERENCIA,OK,,2026-07-29 16:34:21,https://www.tcgplayer.com/product/693491/pokemon-me04-chaos-rising-frogadier-089-086?Condition=Near+Mint&Printing=Holofoil&page=1
SV09: Journey Together|Illustration Rare|Furret|168/159,SV09: Journey Together,Illustration Rare,Furret,168/159,9.2,9.28,0.08000000000000007,0.008695652173913052,SUBIO,,,,SIN_REFERENCIA,OK,,2026-07-29 16:34:21,https://www.tcgplayer.com/product/623595/pokemon-sv09-journey-together-furret-168-159?Condition=Near+Mint&Printing=Holofoil&page=1
ME: Ascended Heroes|Illustration Rare|Galarian Obstagoon|245/217,ME: Ascended Heroes,Illustration Rare,Galarian Obstagoon,245/217,3.68,3.72,0.040000000000000036,0.010869565217391313,SUBIO,,,,SIN_REFERENCIA,OK,,2026-07-29 16:34:21,https://www.tcgplayer.com/product/676057/pokemon-me-ascended-heroes-galarian-obstagoon-245-217?Condition=Near+Mint&Printing=Holofoil&page=1
SV: Black Bolt|Double Rare|Genesect ex|067/086,SV: Black Bolt,Double Rare,Genesect ex,067/086,0.9,1.01,0.10999999999999999,0.1222222222222222,SUBIO,,,,SIN_REFERENCIA,OK,,2026-07-29 16:34:21,https://www.tcgplayer.com/product/642518/pokemon-sv-black-bolt-genesect-ex?Condition=Near+Mint&Printing=Holofoil&page=1
SV: Black Bolt|Ultra Rare|Genesect ex|161/086,SV: Black Bolt,Ultra Rare,Genesect ex,161/086,2.29,2.39,0.10000000000000009,0.0436681222707424,SUBIO,,,,SIN_REFERENCIA,OK,,2026-07-29 16:34:21,https://www.tcgplayer.com/product/642613/pokemon-sv-black-bolt-genesect-ex-161-086?Condition=Near+Mint&Printing=Holofoil&page=1
ME: Ascended Heroes|Ultra Rare|Glass Trumpet|260/217,ME: Ascended Heroes,Ultra Rare,Glass Trumpet,260/217,0.57,0.65,0.08000000000000007,0.1403508771929826,SUBIO,,,,SIN_REFERENCIA,OK,,2026-07-29 16:34:21,https://www.tcgplayer.com/product/676072/pokemon-me-ascended-heroes-glass-trumpet-260-217?Condition=Near+Mint&Printing=Holofoil&page=1
ME04: Chaos Rising|Double Rare|Gourgeist ex|041/086,ME04: Chaos Rising,Double Rare,Gourgeist ex,041/086,0.42,0.46,0.040000000000000036,0.09523809523809533,SUBIO,,,,SIN_REFERENCIA,OK,,2026-07-29 16:34:21,https://www.tcgplayer.com/product/693497/pokemon-me04-chaos-rising-gourgeist-ex-041-086?Condition=Near+Mint&Printing=Holofoil&page=1
ME02: Phantasmal Flames|Ultra Rare|Grimsley's Move|120/094,ME02: Phantasmal Flames,Ultra Rare,Grimsley's Move,120/094,0.81,0.9,0.08999999999999997,0.11111111111111106,SUBIO,,,,SIN_REFERENCIA,OK,,2026-07-29 16:34:21,https://www.tcgplayer.com/product/662167/pokemon-me02-phantasmal-flames-grimsleys-move-120-094?Condition=Near+Mint&Printing=Holofoil&page=1
ME01: Mega Evolution|Illustration Rare|Helioptile|143/132,ME01: Mega Evolution,Illustration Rare,Helioptile,143/132,3.51,3.62,0.11000000000000032,0.03133903133903143,SUBIO,,,,SIN_REFERENCIA,OK,,2026-07-29 16:34:21,https://www.tcgplayer.com/product/654482/pokemon-me01-mega-evolution-helioptile-143-132?Condition=Near+Mint&Printing=Holofoil&page=1
SV: White Flare|Ultra Rare|Hilda|164/086,SV: White Flare,Ultra Rare,Hilda,164/086,10.94,11.17,0.23000000000000043,0.021023765996343733,SUBIO,,,,SIN_REFERENCIA,OK,,2026-07-29 16:34:21,https://www.tcgplayer.com/product/642281/pokemon-sv-white-flare-hilda-164-086?Condition=Near+Mint&Printing=Holofoil&page=1
ME01: Mega Evolution|Illustration Rare|Houndstone|145/132,ME01: Mega Evolution,Illustration Rare,Houndstone,145/132,2.57,2.58,0.010000000000000231,0.003891050583657678,SUBIO,,,,SIN_REFERENCIA,OK,,2026-07-29 16:34:21,https://www.tcgplayer.com/product/654484/pokemon-me01-mega-evolution-houndstone-145-132?Condition=Near+Mint&Printing=Holofoil&page=1
ME02: Phantasmal Flames|Ultra Rare|Ignition Energy|124/094,ME02: Phantasmal Flames,Ultra Rare,Ignition Energy,124/094,1.45,1.54,0.09000000000000008,0.062068965517241434,SUBIO,,,,SIN_REFERENCIA,OK,,2026-07-29 16:34:21,https://www.tcgplayer.com/product/662170/pokemon-me02-phantasmal-flames-ignition-energy?Condition=Near+Mint&Printing=Holofoil&page=1
SV09: Journey Together|Double Rare|Iono's Bellibolt ex|053/159,SV09: Journey Together,Double Rare,Iono's Bellibolt ex,053/159,0.63,0.64,0.010000000000000009,0.015873015873015886,SUBIO,,,,SIN_REFERENCIA,OK,,2026-07-29 16:34:21,https://www.tcgplayer.com/product/623480/pokemon-sv09-journey-together-ionos-bellibolt-ex-053-159?Condition=Near+Mint&Printing=Holofoil&page=1
SV09: Journey Together|Ultra Rare|Iono's Bellibolt ex|172/159,SV09: Journey Together,Ultra Rare,Iono's Bellibolt ex,172/159,1.64,1.74,0.10000000000000009,0.06097560975609762,SUBIO,,,,SIN_REFERENCIA,OK,,2026-07-29 16:34:21,https://www.tcgplayer.com/product/623599/pokemon-sv09-journey-together-ionos-bellibolt-ex-172-159?Condition=Near+Mint&Printing=Holofoil&page=1
SV09: Journey Together|Special Illustration Rare|Iono's Bellibolt ex|183/159,SV09: Journey Together,Special Illustration Rare,Iono's Bellibolt ex,183/159,41.28,41.36,0.0799999999999983,0.0019379844961239896,SUBIO,,,,SIN_REFERENCIA,OK,,2026-07-29 16:34:21,https://www.tcgplayer.com/product/623610/pokemon-sv09-journey-together-ionos-bellibolt-ex-183-159?Condition=Near+Mint&Printing=Holofoil&page=1
SV09: Journey Together|Illustration Rare|Iono's Kilowattrel|163/159,SV09: Journey Together,Illustration Rare,Iono's Kilowattrel,163/159,4.89,5.04,0.15000000000000036,0.030674846625766947,SUBIO,,,,SIN_REFERENCIA,OK,,2026-07-29 16:34:21,https://www.tcgplayer.com/product/623590/pokemon-sv09-journey-together-ionos-kilowattrel-163-159?Condition=Near+Mint&Printing=Holofoil&page=1
SV09: Journey Together|Ultra Rare|Iris's Fighting Spirit|180/159,SV09: Journey Together,Ultra Rare,Iris's Fighting Spirit,180/159,1.38,1.4,0.020000000000000018,0.01449275362318842,SUBIO,,,,SIN_REFERENCIA,OK,,2026-07-29 16:34:21,https://www.tcgplayer.com/product/623607/pokemon-sv09-journey-together-iriss-fighting-spirit-180-159?Condition=Near+Mint&Printing=Holofoil&page=1
ME03: Perfect Order|Ultra Rare|Jacinthe|110/088,ME03: Perfect Order,Ultra Rare,Jacinthe,110/088,2.45,2.75,0.2999999999999998,0.12244897959183665,SUBIO,,,,SIN_REFERENCIA,OK,,2026-07-29 16:34:21,https://www.tcgplayer.com/product/684394/pokemon-me03-perfect-order-jacinthe-110-088?Condition=Near+Mint&Printing=Holofoil&page=1
SV10: Destined Rivals|Hyper Rare|Jamming Tower|243/182,SV10: Destined Rivals,Hyper Rare,Jamming Tower,243/182,8.75,8.88,0.13000000000000078,0.014857142857142947,SUBIO,,,,SIN_REFERENCIA,OK,,2026-07-29 16:34:21,https://www.tcgplayer.com/product/633043/pokemon-sv10-destined-rivals-jamming-tower?Condition=Near+Mint&Printing=Holofoil&page=1
ME: Ascended Heroes|Ultra Rare|Jamming Tower|261/217,ME: Ascended Heroes,Ultra Rare,Jamming Tower,261/217,0.79,0.81,0.020000000000000018,0.025316455696202552,SUBIO,,,,SIN_REFERENCIA,OK,,2026-07-29 16:34:21,https://www.tcgplayer.com/product/676073/pokemon-me-ascended-heroes-jamming-tower?Condition=Near+Mint&Printing=Holofoil&page=1
SV: White Flare|Ultra Rare|Jellicent ex|160/086,SV: White Flare,Ultra Rare,Jellicent ex,160/086,0.89,0.95,0.05999999999999994,0.06741573033707858,SUBIO,,,,SIN_REFERENCIA,OK,,2026-07-29 16:34:21,https://www.tcgplayer.com/product/642277/pokemon-sv-white-flare-jellicent-ex-160-086?Condition=Near+Mint&Printing=Holofoil&page=1
SV10: Destined Rivals|Illustration Rare|Kangaskhan|204/182,SV10: Destined Rivals,Illustration Rare,Kangaskhan,204/182,11.39,11.53,0.1399999999999988,0.01229148375768207,SUBIO,,,,SIN_REFERENCIA,OK,,2026-07-29 16:34:21,https://www.tcgplayer.com/product/633004/pokemon-sv10-destined-rivals-kangaskhan-204-182?Condition=Near+Mint&Printing=Holofoil&page=1
SV: White Flare|Double Rare|Keldeo ex|030/086,SV: White Flare,Double Rare,Keldeo ex,030/086,0.56,0.58,0.019999999999999907,0.035714285714285546,SUBIO,,,,SIN_REFERENCIA,OK,,2026-07-29 16:34:21,https://www.tcgplayer.com/product/642142/pokemon-sv-white-flare-keldeo-ex?Condition=Near+Mint&Printing=Holofoil&page=1
ME04: Chaos Rising|Double Rare|Krookodile ex|055/086,ME04: Chaos Rising,Double Rare,Krookodile ex,055/086,0.41,0.45,0.040000000000000036,0.09756097560975618,SUBIO,,,,SIN_REFERENCIA,OK,,2026-07-29 16:34:21,https://www.tcgplayer.com/product/693504/pokemon-me04-chaos-rising-krookodile-ex?Condition=Near+Mint&Printing=Holofoil&page=1
SV: Black Bolt|Ultra Rare|Kyurem ex|157/086,SV: Black Bolt,Ultra Rare,Kyurem ex,157/086,1.35,1.48,0.1299999999999999,0.09629629629629621,SUBIO,,,,SIN_REFERENCIA,OK,,2026-07-29 16:34:21,https://www.tcgplayer.com/product/642609/pokemon-sv-black-bolt-kyurem-ex-157-086?Condition=Near+Mint&Printing=Holofoil&page=1
SV: Black Bolt|Special Illustration Rare|Kyurem ex|165/086,SV: Black Bolt,Special Illustration Rare,Kyurem ex,165/086,80.59,80.6,0.009999999999990905,0.00012408487405373998,SUBIO,,,,SIN_REFERENCIA,OK,,2026-07-29 16:34:21,https://www.tcgplayer.com/product/642617/pokemon-sv-black-bolt-kyurem-ex-165-086?Condition=Near+Mint&Printing=Holofoil&page=1
SV09: Journey Together|Double Rare|Lillie's Clefairy ex|056/159,SV09: Journey Together,Double Rare,Lillie's Clefairy ex,056/159,1.64,1.78,0.14000000000000012,0.08536585365853666,SUBIO,,,,SIN_REFERENCIA,OK,,2026-07-29 16:34:21,https://www.tcgplayer.com/product/623483/pokemon-sv09-journey-together-lillies-clefairy-ex-056-159?Condition=Near+Mint&Printing=Holofoil&page=1
SV09: Journey Together|Ultra Rare|Lillie's Clefairy ex|173/159,SV09: Journey Together,Ultra Rare,Lillie's Clefairy ex,173/159,7.87,8.03,0.15999999999999925,0.020330368487928747,SUBIO,,,,SIN_REFERENCIA,OK,,2026-07-29 16:34:21,https://www.tcgplayer.com/product/623600/pokemon-sv09-journey-together-lillies-clefairy-ex-173-159?Condition=Near+Mint&Printing=Holofoil&page=1
ME: Ascended Heroes|Double Rare|Lillie's Clefairy ex|076/217,ME: Ascended Heroes,Double Rare,Lillie's Clefairy ex,076/217,1.46,1.62,0.16000000000000014,0.10958904109589052,SUBIO,,,,SIN_REFERENCIA,OK,,2026-07-29 16:34:21,https://www.tcgplayer.com/product/675888/pokemon-me-ascended-heroes-lillies-clefairy-ex-076-217?Condition=Near+Mint&Printing=Holofoil&page=1
SV: White Flare|Illustration Rare|Lillipup|154/086,SV: White Flare,Illustration Rare,Lillipup,154/086,38.06,38.48,0.4199999999999946,0.011035207566999331,SUBIO,,,,SIN_REFERENCIA,OK,,2026-07-29 16:34:21,https://www.tcgplayer.com/product/642268/pokemon-sv-white-flare-lillipup-154-086?Condition=Near+Mint&Printing=Holofoil&page=1
ME01: Mega Evolution|Illustration Rare|Litleo|139/132,ME01: Mega Evolution,Illustration Rare,Litleo,139/132,4.7,4.87,0.16999999999999993,0.03617021276595743,SUBIO,,,,SIN_REFERENCIA,OK,,2026-07-29 16:34:21,https://www.tcgplayer.com/product/654478/pokemon-me01-mega-evolution-litleo-139-132?Condition=Near+Mint&Printing=Holofoil&page=1
SV: White Flare|Illustration Rare|Litwick|101/086,SV: White Flare,Illustration Rare,Litwick,101/086,32.63,32.72,0.0899999999999963,0.0027581979773213697,SUBIO,,,,SIN_REFERENCIA,OK,,2026-07-29 16:34:21,https://www.tcgplayer.com/product/642549/pokemon-sv-white-flare-litwick-101-086?Condition=Near+Mint&Printing=Holofoil&page=1
SV09: Journey Together|Illustration Rare|Lycanroc|166/159,SV09: Journey Together,Illustration Rare,Lycanroc,166/159,2.91,3.33,0.41999999999999993,0.14432989690721645,SUBIO,,,,SIN_REFERENCIA,OK,,2026-07-29 16:34:21,https://www.tcgplayer.com/product/623593/pokemon-sv09-journey-together-lycanroc-166-159?Condition=Near+Mint&Printing=Holofoil&page=1
SV09: Journey Together|Ultra Rare|Mamoswine ex|174/159,SV09: Journey Together,Ultra Rare,Mamoswine ex,174/159,0.75,0.83,0.07999999999999996,0.10666666666666662,SUBIO,,,,SIN_REFERENCIA,OK,,2026-07-29 16:34:21,https://www.tcgplayer.com/product/623601/pokemon-sv09-journey-together-mamoswine-ex-174-159?Condition=Near+Mint&Printing=Holofoil&page=1
SV: White Flare|Illustration Rare|Mandibuzz|145/086,SV: White Flare,Illustration Rare,Mandibuzz,145/086,10.67,10.69,0.019999999999999574,0.0018744142455482263,SUBIO,,,,SIN_REFERENCIA,OK,,2026-07-29 16:34:21,https://www.tcgplayer.com/product/642594/pokemon-sv-white-flare-mandibuzz-145-086?Condition=Near+Mint&Printing=Holofoil&page=1
SV10: Destined Rivals|Double Rare|Marnie's Grimmsnarl ex|136/182,SV10: Destined Rivals,Double Rare,Marnie's Grimmsnarl ex,136/182,0.72,0.88,0.16000000000000003,0.22222222222222227,SUBIO,,,,SIN_REFERENCIA,OK,,2026-07-29 16:34:21,https://www.tcgplayer.com/product/630823/pokemon-sv10-destined-rivals-marnies-grimmsnarl-ex?Condition=Near+Mint&Printing=Holofoil&page=1
ME: Ascended Heroes|Special Illustration Rare|Marnie's Grimmsnarl ex|287/217,ME: Ascended Heroes,Special Illustration Rare,Marnie's Grimmsnarl ex,287/217,68.78,69.16,0.37999999999999545,0.0055248618784529725,SUBIO,,,,SIN_REFERENCIA,OK,,2026-07-29 16:34:21,https://www.tcgplayer.com/product/676099/pokemon-me-ascended-heroes-marnies-grimmsnarl-ex?Condition=Near+Mint&Printing=Holofoil&page=1
ME01: Mega Evolution|Ultra Rare|Mega Abomasnow ex|157/132,ME01: Mega Evolution,Ultra Rare,Mega Abomasnow ex,157/132,1.59,1.65,0.05999999999999983,0.03773584905660367,SUBIO,,,,SIN_REFERENCIA,OK,,2026-07-29 16:34:21,https://www.tcgplayer.com/product/654496/pokemon-me01-mega-evolution-mega-abomasnow-ex-157-132?Condition=Near+Mint&Printing=Holofoil&page=1
ME01: Mega Evolution|Double Rare|Mega Absol ex|086/132,ME01: Mega Evolution,Double Rare,Mega Absol ex,086/132,0.77,0.89,0.12,0.15584415584415584,SUBIO,,,,SIN_REFERENCIA,OK,,2026-07-29 16:34:21,https://www.tcgplayer.com/product/654425/pokemon-me01-mega-evolution-mega-absol-ex-086-132?Condition=Near+Mint&Printing=Holofoil&page=1
ME01: Mega Evolution|Special Illustration Rare|Mega Absol ex|180/132,ME01: Mega Evolution,Special Illustration Rare,Mega Absol ex,180/132,58.27,58.28,0.00999999999999801,0.00017161489617295366,SUBIO,,,,SIN_REFERENCIA,OK,,2026-07-29 16:34:21,https://www.tcgplayer.com/product/654519/pokemon-me01-mega-evolution-mega-absol-ex-180-132?Condition=Near+Mint&Printing=Holofoil&page=1
ME: Ascended Heroes|Double Rare|Mega Audino ex|172/217,ME: Ascended Heroes,Double Rare,Mega Audino ex,172/217,1.0,1.05,0.050000000000000044,0.050000000000000044,SUBIO,,,,SIN_REFERENCIA,OK,,2026-07-29 16:34:21,https://www.tcgplayer.com/product/675984/pokemon-me-ascended-heroes-mega-audino-ex-172-217?Condition=Near+Mint&Printing=Holofoil&page=1
ME01: Mega Evolution|Ultra Rare|Mega Camerupt ex|156/132,ME01: Mega Evolution,Ultra Rare,Mega Camerupt ex,156/132,1.57,1.66,0.08999999999999986,0.057324840764331114,SUBIO,,,,SIN_REFERENCIA,OK,,2026-07-29 16:34:21,https://www.tcgplayer.com/product/654495/pokemon-me01-mega-evolution-mega-camerupt-ex-156-132?Condition=Near+Mint&Printing=Holofoil&page=1
ME02: Phantasmal Flames|Double Rare|Mega Charizard X ex|013/094,ME02: Phantasmal Flames,Double Rare,Mega Charizard X ex,013/094,4.22,4.56,0.33999999999999986,0.08056872037914689,SUBIO,,,,SIN_REFERENCIA,OK,,2026-07-29 16:34:21,https://www.tcgplayer.com/product/662182/pokemon-me02-phantasmal-flames-mega-charizard-x-ex-013-094?Condition=Near+Mint&Printing=Holofoil&page=1
ME02: Phantasmal Flames|Ultra Rare|Mega Charizard X ex|109/094,ME02: Phantasmal Flames,Ultra Rare,Mega Charizard X ex,109/094,30.91,31.37,0.46000000000000085,0.014881915237787152,SUBIO,,,,SIN_REFERENCIA,OK,,2026-07-29 16:34:21,https://www.tcgplayer.com/product/662183/pokemon-me02-phantasmal-flames-mega-charizard-x-ex-109-094?Condition=Near+Mint&Printing=Holofoil&page=1
ME: Ascended Heroes|Double Rare|Mega Charizard Y ex|022/217,ME: Ascended Heroes,Double Rare,Mega Charizard Y ex,022/217,6.51,6.64,0.1299999999999999,0.019969278033794148,SUBIO,,,,SIN_REFERENCIA,OK,,2026-07-29 16:34:21,https://www.tcgplayer.com/product/675834/pokemon-me-ascended-heroes-mega-charizard-y-ex-022-217?Condition=Near+Mint&Printing=Holofoil&page=1
ME03: Perfect Order|Ultra Rare|Mega Clefable ex|103/088,ME03: Perfect Order,Ultra Rare,Mega Clefable ex,103/088,5.5,5.69,0.1900000000000004,0.034545454545454615,SUBIO,,,,SIN_REFERENCIA,OK,,2026-07-29 16:34:21,https://www.tcgplayer.com/product/684384/pokemon-me03-perfect-order-mega-clefable-ex-103-088?Condition=Near+Mint&Printing=Holofoil&page=1
ME: Ascended Heroes|Double Rare|Mega Eelektross ex|061/217,ME: Ascended Heroes,Double Rare,Mega Eelektross ex,061/217,0.95,1.07,0.1200000000000001,0.12631578947368433,SUBIO,,,,SIN_REFERENCIA,OK,,2026-07-29 16:34:21,https://www.tcgplayer.com/product/675873/pokemon-me-ascended-heroes-mega-eelektross-ex-061-217?Condition=Near+Mint&Printing=Holofoil&page=1
ME: Ascended Heroes|Special Illustration Rare|Mega Eelektross ex|278/217,ME: Ascended Heroes,Special Illustration Rare,Mega Eelektross ex,278/217,42.9,43.42,0.5200000000000031,0.012121212121212194,SUBIO,,,,SIN_REFERENCIA,OK,,2026-07-29 16:34:21,https://www.tcgplayer.com/product/676090/pokemon-me-ascended-heroes-mega-eelektross-ex-278-217?Condition=Near+Mint&Printing=Holofoil&page=1
ME: Ascended Heroes|Special Illustration Rare|Mega Froslass ex|275/217,ME: Ascended Heroes,Special Illustration Rare,Mega Froslass ex,275/217,84.06,87.64,3.5799999999999983,0.04258862717106826,SUBIO,,,,SIN_REFERENCIA,OK,,2026-07-29 16:34:21,https://www.tcgplayer.com/product/676087/pokemon-me-ascended-heroes-mega-froslass-ex-275-217?Condition=Near+Mint&Printing=Holofoil&page=1
ME04: Chaos Rising|Double Rare|Mega Gallade ex|048/086,ME04: Chaos Rising,Double Rare,Mega Gallade ex,048/086,0.56,0.61,0.04999999999999993,0.08928571428571416,SUBIO,,,,SIN_REFERENCIA,OK,,2026-07-29 16:34:21,https://www.tcgplayer.com/product/693514/pokemon-me04-chaos-rising-mega-gallade-ex?Condition=Near+Mint&Printing=Holofoil&page=1
ME04: Chaos Rising|Double Rare|Mega Greninja ex|022/086,ME04: Chaos Rising,Double Rare,Mega Greninja ex,022/086,1.1,1.29,0.18999999999999995,0.17272727272727267,SUBIO,,,,SIN_REFERENCIA,OK,,2026-07-29 16:34:21,https://www.tcgplayer.com/product/693515/pokemon-me04-chaos-rising-mega-greninja-ex-022-086?Condition=Near+Mint&Printing=Holofoil&page=1
ME04: Chaos Rising|Ultra Rare|Mega Greninja ex|100/086,ME04: Chaos Rising,Ultra Rare,Mega Greninja ex,100/086,12.74,12.88,0.14000000000000057,0.010989010989011033,SUBIO,,,,SIN_REFERENCIA,OK,,2026-07-29 16:34:21,https://www.tcgplayer.com/product/693516/pokemon-me04-chaos-rising-mega-greninja-ex-100-086?Condition=Near+Mint&Printing=Holofoil&page=1
ME: Ascended Heroes|Special Illustration Rare|Mega Hawlucha ex|283/217,ME: Ascended Heroes,Special Illustration Rare,Mega Hawlucha ex,283/217,60.9,61.5,0.6000000000000014,0.009852216748768497,SUBIO,,,,SIN_REFERENCIA,OK,,2026-07-29 16:34:21,https://www.tcgplayer.com/product/676095/pokemon-me-ascended-heroes-mega-hawlucha-ex-283-217?Condition=Near+Mint&Printing=Holofoil&page=1
ME01: Mega Evolution|Double Rare|Mega Kangaskhan ex|104/132,ME01: Mega Evolution,Double Rare,Mega Kangaskhan ex,104/132,0.94,1.1,0.16000000000000014,0.17021276595744697,SUBIO,,,,SIN_REFERENCIA,OK,,2026-07-29 16:34:21,https://www.tcgplayer.com/product/654443/pokemon-me01-mega-evolution-mega-kangaskhan-ex-104-132?Condition=Near+Mint&Printing=Holofoil&page=1
ME01: Mega Evolution|Ultra Rare|Mega Kangaskhan ex|164/132,ME01: Mega Evolution,Ultra Rare,Mega Kangaskhan ex,164/132,5.23,5.59,0.35999999999999943,0.06883365200764807,SUBIO,,,,SIN_REFERENCIA,OK,,2026-07-29 16:34:21,https://www.tcgplayer.com/product/654503/pokemon-me01-mega-evolution-mega-kangaskhan-ex-164-132?Condition=Near+Mint&Printing=Holofoil&page=1
ME01: Mega Evolution|Special Illustration Rare|Mega Kangaskhan ex|182/132,ME01: Mega Evolution,Special Illustration Rare,Mega Kangaskhan ex,182/132,59.33,59.5,0.1700000000000017,0.0028653295128940118,SUBIO,,,,SIN_REFERENCIA,OK,,2026-07-29 16:34:21,https://www.tcgplayer.com/product/654521/pokemon-me01-mega-evolution-mega-kangaskhan-ex-182-132?Condition=Near+Mint&Printing=Holofoil&page=1
ME01: Mega Evolution|Double Rare|Mega Latias ex|100/132,ME01: Mega Evolution,Double Rare,Mega Latias ex,100/132,0.59,0.62,0.030000000000000027,0.05084745762711869,SUBIO,,,,SIN_REFERENCIA,OK,,2026-07-29 16:34:21,https://www.tcgplayer.com/product/654439/pokemon-me01-mega-evolution-mega-latias-ex-100-132?Condition=Near+Mint&Printing=Holofoil&page=1
ME02: Phantasmal Flames|Special Illustration Rare|Mega Lopunny ex|128/094,ME02: Phantasmal Flames,Special Illustration Rare,Mega Lopunny ex,128/094,16.87,16.97,0.09999999999999787,0.005927682276229867,SUBIO,,,,SIN_REFERENCIA,OK,,2026-07-29 16:34:21,https://www.tcgplayer.com/product/662190/pokemon-me02-phantasmal-flames-mega-lopunny-ex-128-094?Condition=Near+Mint&Printing=Holofoil&page=1
ME01: Mega Evolution|Ultra Rare|Mega Lucario ex|160/132,ME01: Mega Evolution,Ultra Rare,Mega Lucario ex,160/132,12.03,12.26,0.23000000000000043,0.019118869492934367,SUBIO,,,,SIN_REFERENCIA,OK,,2026-07-29 16:34:21,https://www.tcgplayer.com/product/654499/pokemon-me01-mega-evolution-mega-lucario-ex-160-132?Condition=Near+Mint&Printing=Holofoil&page=1
ME01: Mega Evolution|Double Rare|Mega Manectric ex|050/132,ME01: Mega Evolution,Double Rare,Mega Manectric ex,050/132,0.55,0.59,0.039999999999999925,0.07272727272727258,SUBIO,,,,SIN_REFERENCIA,OK,,2026-07-29 16:34:21,https://www.tcgplayer.com/product/654389/pokemon-me01-mega-evolution-mega-manectric-ex-050-132?Condition=Near+Mint&Printing=Holofoil&page=1
ME01: Mega Evolution|Ultra Rare|Mega Manectric ex|158/132,ME01: Mega Evolution,Ultra Rare,Mega Manectric ex,158/132,2.14,2.3,0.1599999999999997,0.07476635514018677,SUBIO,,,,SIN_REFERENCIA,OK,,2026-07-29 16:34:21,https://www.tcgplayer.com/product/654497/pokemon-me01-mega-evolution-mega-manectric-ex-158-132?Condition=Near+Mint&Printing=Holofoil&page=1
ME01: Mega Evolution|Double Rare|Mega Mawile ex|094/132,ME01: Mega Evolution,Double Rare,Mega Mawile ex,094/132,0.54,0.58,0.039999999999999925,0.07407407407407393,SUBIO,,,,SIN_REFERENCIA,OK,,2026-07-29 16:34:21,https://www.tcgplayer.com/product/654433/pokemon-me01-mega-evolution-mega-mawile-ex-094-132?Condition=Near+Mint&Printing=Holofoil&page=1
ME: Ascended Heroes|Double Rare|Mega Meganium ex|010/217,ME: Ascended Heroes,Double Rare,Mega Meganium ex,010/217,1.34,1.5,0.15999999999999992,0.1194029850746268,SUBIO,,,,SIN_REFERENCIA,OK,,2026-07-29 16:34:21,https://www.tcgplayer.com/product/675822/pokemon-me-ascended-heroes-mega-meganium-ex-010-217?Condition=Near+Mint&Printing=Holofoil&page=1
ME02: Phantasmal Flames|Ultra Rare|Mega Sharpedo ex|113/094,ME02: Phantasmal Flames,Ultra Rare,Mega Sharpedo ex,113/094,1.95,1.97,0.020000000000000018,0.010256410256410265,SUBIO,,,,SIN_REFERENCIA,OK,,2026-07-29 16:34:21,https://www.tcgplayer.com/product/662192/pokemon-me02-phantasmal-flames-mega-sharpedo-ex-113-094?Condition=Near+Mint&Printing=Holofoil&page=1
ME01: Mega Evolution|Ultra Rare|Mega Signal|171/132,ME01: Mega Evolution,Ultra Rare,Mega Signal,171/132,0.92,1.03,0.10999999999999999,0.11956521739130432,SUBIO,,,,SIN_REFERENCIA,OK,,2026-07-29 16:34:21,https://www.tcgplayer.com/product/654510/pokemon-me01-mega-evolution-mega-signal-171-132?Condition=Near+Mint&Printing=Holofoil&page=1
ME03: Perfect Order|Double Rare|Mega Skarmory ex|055/088,ME03: Perfect Order,Double Rare,Mega Skarmory ex,055/088,0.53,0.65,0.12,0.22641509433962262,SUBIO,,,,SIN_REFERENCIA,OK,,2026-07-29 16:34:21,https://www.tcgplayer.com/product/684351/pokemon-me03-perfect-order-mega-skarmory-ex-055-088?Condition=Near+Mint&Printing=Holofoil&page=1
ME03: Perfect Order|Ultra Rare|Mega Skarmory ex|106/088,ME03: Perfect Order,Ultra Rare,Mega Skarmory ex,106/088,4.34,4.5,0.16000000000000014,0.03686635944700464,SUBIO,,,,SIN_REFERENCIA,OK,,2026-07-29 16:34:21,https://www.tcgplayer.com/product/684352/pokemon-me03-perfect-order-mega-skarmory-ex-106-088?Condition=Near+Mint&Printing=Holofoil&page=1
ME01: Mega Evolution|Double Rare|Mega Venusaur ex|003/132,ME01: Mega Evolution,Double Rare,Mega Venusaur ex,003/132,0.85,0.9,0.050000000000000044,0.05882352941176476,SUBIO,,,,SIN_REFERENCIA,OK,,2026-07-29 16:34:21,https://www.tcgplayer.com/product/654342/pokemon-me01-mega-evolution-mega-venusaur-ex-003-132?Condition=Near+Mint&Printing=Holofoil&page=1
ME01: Mega Evolution|Ultra Rare|Mega Venusaur ex|155/132,ME01: Mega Evolution,Ultra Rare,Mega Venusaur ex,155/132,12.58,12.66,0.08000000000000007,0.006359300476947541,SUBIO,,,,SIN_REFERENCIA,OK,,2026-07-29 16:34:21,https://www.tcgplayer.com/product/654494/pokemon-me01-mega-evolution-mega-venusaur-ex-155-132?Condition=Near+Mint&Printing=Holofoil&page=1
ME01: Mega Evolution|Special Illustration Rare|Mega Venusaur ex|177/132,ME01: Mega Evolution,Special Illustration Rare,Mega Venusaur ex,177/132,155.86,156.3,0.4399999999999977,0.0028230463236237503,SUBIO,,,,SIN_REFERENCIA,OK,,2026-07-29 16:34:21,https://www.tcgplayer.com/product/654516/pokemon-me01-mega-evolution-mega-venusaur-ex-177-132?Condition=Near+Mint&Printing=Holofoil&page=1
ME03: Perfect Order|Special Illustration Rare|Mega Zygarde ex|120/088,ME03: Perfect Order,Special Illustration Rare,Mega Zygarde ex,120/088,63.35,63.39,0.03999999999999915,0.0006314127861089052,SUBIO,,,,SIN_REFERENCIA,OK,,2026-07-29 16:34:21,https://www.tcgplayer.com/product/684338/pokemon-me03-perfect-order-mega-zygarde-ex-120-088?Condition=Near+Mint&Printing=Holofoil&page=1
ME03: Perfect Order|Double Rare|Meowth ex|062/088,ME03: Perfect Order,Double Rare,Meowth ex,062/088,2.14,2.16,0.020000000000000018,0.009345794392523372,SUBIO,,,,SIN_REFERENCIA,OK,,2026-07-29 16:34:21,https://www.tcgplayer.com/product/684340/pokemon-me03-perfect-order-meowth-ex-062-088?Condition=Near+Mint&Printing=Holofoil&page=1
ME03: Perfect Order|Ultra Rare|Meowth ex|107/088,ME03: Perfect Order,Ultra Rare,Meowth ex,107/088,11.73,12.05,0.3200000000000003,0.02728047740835467,SUBIO,,,,SIN_REFERENCIA,OK,,2026-07-29 16:34:21,https://www.tcgplayer.com/product/684341/pokemon-me03-perfect-order-meowth-ex-107-088?Condition=Near+Mint&Printing=Holofoil&page=1
SV: White Flare|Illustration Rare|Mienfoo|133/086,SV: White Flare,Illustration Rare,Mienfoo,133/086,14.95,15.02,0.07000000000000028,0.004682274247491658,SUBIO,,,,SIN_REFERENCIA,OK,,2026-07-29 16:34:21,https://www.tcgplayer.com/product/642246/pokemon-sv-white-flare-mienfoo-133-086?Condition=Near+Mint&Printing=Holofoil&page=1
SV: White Flare|Illustration Rare|Mienshao|134/086,SV: White Flare,Illustration Rare,Mienshao,134/086,10.17,10.19,0.019999999999999574,0.0019665683382497122,SUBIO,,,,SIN_REFERENCIA,OK,,2026-07-29 16:34:21,https://www.tcgplayer.com/product/642247/pokemon-sv-white-flare-mienshao-134-086?Condition=Near+Mint&Printing=Holofoil&page=1
SV09: Journey Together|Double Rare|Mimikyu ex|069/159,SV09: Journey Together,Double Rare,Mimikyu ex,069/159,1.4,1.54,0.14000000000000012,0.10000000000000009,SUBIO,,,,SIN_REFERENCIA,OK,,2026-07-29 16:34:21,https://www.tcgplayer.com/product/623496/pokemon-sv09-journey-together-mimikyu-ex?Condition=Near+Mint&Printing=Holofoil&page=1
ME02: Phantasmal Flames|Double Rare|Mismagius ex|036/094,ME02: Phantasmal Flames,Double Rare,Mismagius ex,036/094,0.52,0.57,0.04999999999999993,0.09615384615384602,SUBIO,,,,SIN_REFERENCIA,OK,,2026-07-29 16:34:21,https://www.tcgplayer.com/product/662199/pokemon-me02-phantasmal-flames-mismagius-ex-036-094?Condition=Near+Mint&Printing=Holofoil&page=1
SV: Black Bolt|Illustration Rare|Musharna|117/086,SV: Black Bolt,Illustration Rare,Musharna,117/086,12.24,12.36,0.11999999999999922,0.009803921568627387,SUBIO,,,,SIN_REFERENCIA,OK,,2026-07-29 16:34:21,https://www.tcgplayer.com/product/642571/pokemon-sv-black-bolt-musharna-117-086?Condition=Near+Mint&Printing=Holofoil&page=1
ME01: Mega Evolution|Ultra Rare|Mystery Garden|172/132,ME01: Mega Evolution,Ultra Rare,Mystery Garden,172/132,1.01,1.03,0.020000000000000018,0.01980198019801982,SUBIO,,,,SIN_REFERENCIA,OK,,2026-07-29 16:34:21,https://www.tcgplayer.com/product/654511/pokemon-me01-mega-evolution-mystery-garden-172-132?Condition=Near+Mint&Printing=Holofoil&page=1
ME: Ascended Heroes|Ultra Rare|N's PP Up|262/217,ME: Ascended Heroes,Ultra Rare,N's PP Up,262/217,2.43,2.46,0.029999999999999805,0.012345679012345599,SUBIO,,,,SIN_REFERENCIA,OK,,2026-07-29 16:34:21,https://www.tcgplayer.com/product/676074/pokemon-me-ascended-heroes-ns-pp-up-262-217?Condition=Near+Mint&Printing=Holofoil&page=1
SV: Black Bolt|Ultra Rare|N's Plan|163/086,SV: Black Bolt,Ultra Rare,N's Plan,163/086,4.94,5.0,0.05999999999999961,0.012145748987854171,SUBIO,,,,SIN_REFERENCIA,OK,,2026-07-29 16:34:21,https://www.tcgplayer.com/product/642614/pokemon-sv-black-bolt-ns-plan-163-086?Condition=Near+Mint&Printing=Holofoil&page=1
SV09: Journey Together|Illustration Rare|N's Reshiram|167/159,SV09: Journey Together,Illustration Rare,N's Reshiram,167/159,17.97,18.29,0.3200000000000003,0.017807456872565405,SUBIO,,,,SIN_REFERENCIA,OK,,2026-07-29 16:34:21,https://www.tcgplayer.com/product/624677/pokemon-sv09-journey-together-ns-reshiram-167-159?Condition=Near+Mint&Printing=Holofoil&page=1
SV09: Journey Together|Double Rare|N's Zoroark ex|098/159,SV09: Journey Together,Double Rare,N's Zoroark ex,098/159,1.58,1.84,0.26,0.16455696202531644,SUBIO,,,,SIN_REFERENCIA,OK,,2026-07-29 16:34:21,https://www.tcgplayer.com/product/623525/pokemon-sv09-journey-together-ns-zoroark-ex-098-159?Condition=Near+Mint&Printing=Holofoil&page=1
SV09: Journey Together|Ultra Rare|N's Zoroark ex|175/159,SV09: Journey Together,Ultra Rare,N's Zoroark ex,175/159,4.42,4.69,0.27000000000000046,0.061085972850678835,SUBIO,,,,SIN_REFERENCIA,OK,,2026-07-29 16:34:21,https://www.tcgplayer.com/product/623602/pokemon-sv09-journey-together-ns-zoroark-ex-175-159?Condition=Near+Mint&Printing=Holofoil&page=1
SV09: Journey Together|Special Illustration Rare|N's Zoroark ex|185/159,SV09: Journey Together,Special Illustration Rare,N's Zoroark ex,185/159,49.33,49.44,0.10999999999999943,0.002229880397324132,SUBIO,,,,SIN_REFERENCIA,OK,,2026-07-29 16:34:21,https://www.tcgplayer.com/product/623612/pokemon-sv09-journey-together-ns-zoroark-ex-185-159?Condition=Near+Mint&Printing=Holofoil&page=1
SV09: Journey Together|Hyper Rare|N's Zoroark ex|189/159,SV09: Journey Together,Hyper Rare,N's Zoroark ex,189/159,16.25,16.45,0.1999999999999993,0.012307692307692264,SUBIO,,,,SIN_REFERENCIA,OK,,2026-07-29 16:34:21,https://www.tcgplayer.com/product/623616/pokemon-sv09-journey-together-ns-zoroark-ex-189-159?Condition=Near+Mint&Printing=Holofoil&page=1
ME: Ascended Heroes|Double Rare|N's Zoroark ex|137/217,ME: Ascended Heroes,Double Rare,N's Zoroark ex,137/217,0.95,0.97,0.020000000000000018,0.02105263157894739,SUBIO,,,,SIN_REFERENCIA,OK,,2026-07-29 16:34:21,https://www.tcgplayer.com/product/675949/pokemon-me-ascended-heroes-ns-zoroark-ex-137-217?Condition=Near+Mint&Printing=Holofoil&page=1
ME03: Perfect Order|Ultra Rare|Naveen|112/088,ME03: Perfect Order,Ultra Rare,Naveen,112/088,1.81,2.01,0.19999999999999973,0.11049723756906062,SUBIO,,,,SIN_REFERENCIA,OK,,2026-07-29 16:34:21,https://www.tcgplayer.com/product/684347/pokemon-me03-perfect-order-naveen-112-088?Condition=Near+Mint&Printing=Holofoil&page=1
ME01: Mega Evolution|Ultra Rare|Night Stretcher|173/132,ME01: Mega Evolution,Ultra Rare,Night Stretcher,173/132,4.48,4.6,0.11999999999999922,0.026785714285714107,SUBIO,,,,SIN_REFERENCIA,OK,,2026-07-29 16:34:21,https://www.tcgplayer.com/product/654512/pokemon-me01-mega-evolution-night-stretcher?Condition=Near+Mint&Printing=Holofoil&page=1
ME02: Phantasmal Flames|Illustration Rare|Nymble|096/094,ME02: Phantasmal Flames,Illustration Rare,Nymble,096/094,1.61,1.74,0.1299999999999999,0.08074534161490676,SUBIO,,,,SIN_REFERENCIA,OK,,2026-07-29 16:34:21,https://www.tcgplayer.com/product/662204/pokemon-me02-phantasmal-flames-nymble-096-094?Condition=Near+Mint&Printing=Holofoil&page=1
ME02: Phantasmal Flames|Double Rare|Oricorio ex|018/094,ME02: Phantasmal Flames,Double Rare,Oricorio ex,018/094,0.58,0.6,0.020000000000000018,0.03448275862068969,SUBIO,,,,SIN_REFERENCIA,OK,,2026-07-29 16:34:21,https://www.tcgplayer.com/product/662206/pokemon-me02-phantasmal-flames-oricorio-ex-018-094?Condition=Near+Mint&Printing=Holofoil&page=1
SV: White Flare|Illustration Rare|Oshawott|105/086,SV: White Flare,Illustration Rare,Oshawott,105/086,93.01,93.29,0.28000000000000114,0.0030104289861305356,SUBIO,,,,SIN_REFERENCIA,OK,,2026-07-29 16:34:21,https://www.tcgplayer.com/product/642217/pokemon-sv-white-flare-oshawott-105-086?Condition=Near+Mint&Printing=Holofoil&page=1
ME02: Phantasmal Flames|Illustration Rare|Piplup|098/094,ME02: Phantasmal Flames,Illustration Rare,Piplup,098/094,14.96,15.01,0.049999999999998934,0.003342245989304741,SUBIO,,,,SIN_REFERENCIA,OK,,2026-07-29 16:34:21,https://www.tcgplayer.com/product/662215/pokemon-me02-phantasmal-flames-piplup-098-094?Condition=Near+Mint&Printing=Holofoil&page=1
ME01: Mega Evolution|Ultra Rare|Rare Candy|175/132,ME01: Mega Evolution,Ultra Rare,Rare Candy,175/132,3.73,3.75,0.020000000000000018,0.005361930294906171,SUBIO,,,,SIN_REFERENCIA,OK,,2026-07-29 16:34:21,https://www.tcgplayer.com/product/654514/pokemon-me01-mega-evolution-rare-candy-175-132?Condition=Near+Mint&Printing=Holofoil&page=1
ME03: Perfect Order|Illustration Rare|Raticate|099/088,ME03: Perfect Order,Illustration Rare,Raticate,099/088,2.3,2.62,0.3200000000000003,0.13913043478260884,SUBIO,,,,SIN_REFERENCIA,OK,,2026-07-29 16:34:21,https://www.tcgplayer.com/product/684439/pokemon-me03-perfect-order-raticate-099-088?Condition=Near+Mint&Printing=Holofoil&page=1
ME03: Perfect Order|Ultra Rare|Rosa's Encouragement|114/088,ME03: Perfect Order,Ultra Rare,Rosa's Encouragement,114/088,3.99,4.17,0.17999999999999972,0.045112781954887146,SUBIO,,,,SIN_REFERENCIA,OK,,2026-07-29 16:34:21,https://www.tcgplayer.com/product/684391/pokemon-me03-perfect-order-rosas-encouragement-114-088?Condition=Near+Mint&Printing=Holofoil&page=1
ME02: Phantasmal Flames|Double Rare|Rotom ex|029/094,ME02: Phantasmal Flames,Double Rare,Rotom ex,029/094,0.54,0.68,0.14,0.25925925925925924,SUBIO,,,,SIN_REFERENCIA,OK,,2026-07-29 16:34:21,https://www.tcgplayer.com/product/662220/pokemon-me02-phantasmal-flames-rotom-ex-029-094?Condition=Near+Mint&Printing=Holofoil&page=1
ME04: Chaos Rising|Ultra Rare|Roxie's Performance|112/086,ME04: Chaos Rising,Ultra Rare,Roxie's Performance,112/086,2.35,2.46,0.10999999999999988,0.046808510638297815,SUBIO,,,,SIN_REFERENCIA,OK,,2026-07-29 16:34:21,https://www.tcgplayer.com/product/693541/pokemon-me04-chaos-rising-roxies-performance-112-086?Condition=Near+Mint&Printing=Holofoil&page=1
ME03: Perfect Order|Ultra Rare|Sacred Ash|115/088,ME03: Perfect Order,Ultra Rare,Sacred Ash,115/088,1.87,1.91,0.039999999999999813,0.0213903743315507,SUBIO,,,,SIN_REFERENCIA,OK,,2026-07-29 16:34:21,https://www.tcgplayer.com/product/684326/pokemon-me03-perfect-order-sacred-ash?Condition=Near+Mint&Printing=Holofoil&page=1
SV09: Journey Together|Double Rare|Salamence ex|114/159,SV09: Journey Together,Double Rare,Salamence ex,114/159,0.66,0.68,0.020000000000000018,0.030303030303030328,SUBIO,,,,SIN_REFERENCIA,OK,,2026-07-29 16:34:21,https://www.tcgplayer.com/product/623541/pokemon-sv09-journey-together-salamence-ex-114-159?Condition=Near+Mint&Printing=Holofoil&page=1
SV09: Journey Together|Ultra Rare|Salamence ex|177/159,SV09: Journey Together,Ultra Rare,Salamence ex,177/159,2.07,2.12,0.050000000000000266,0.024154589371980808,SUBIO,,,,SIN_REFERENCIA,OK,,2026-07-29 16:34:21,https://www.tcgplayer.com/product/623604/pokemon-sv09-journey-together-salamence-ex-177-159?Condition=Near+Mint&Printing=Holofoil&page=1
SV09: Journey Together|Special Illustration Rare|Salamence ex|187/159,SV09: Journey Together,Special Illustration Rare,Salamence ex,187/159,58.67,58.76,0.0899999999999963,0.001534003749786881,SUBIO,,,,SIN_REFERENCIA,OK,,2026-07-29 16:34:21,https://www.tcgplayer.com/product/623614/pokemon-sv09-journey-together-salamence-ex-187-159?Condition=Near+Mint&Printing=Holofoil&page=1
SV: Black Bolt|Special Illustration Rare|Serperior ex|164/086,SV: Black Bolt,Special Illustration Rare,Serperior ex,164/086,51.26,51.34,0.0800000000000054,0.0015606710885681897,SUBIO,,,,SIN_REFERENCIA,OK,,2026-07-29 16:34:21,https://www.tcgplayer.com/product/642616/pokemon-sv-black-bolt-serperior-ex-164-086?Condition=Near+Mint&Printing=Holofoil&page=1
ME01: Mega Evolution|Illustration Rare|Shuckle|136/132,ME01: Mega Evolution,Illustration Rare,Shuckle,136/132,6.54,6.78,0.2400000000000002,0.03669724770642205,SUBIO,,,,SIN_REFERENCIA,OK,,2026-07-29 16:34:21,https://www.tcgplayer.com/product/654475/pokemon-me01-mega-evolution-shuckle-136-132?Condition=Near+Mint&Printing=Holofoil&page=1
ME: Ascended Heroes|Illustration Rare|Snorunt|227/217,ME: Ascended Heroes,Illustration Rare,Snorunt,227/217,4.73,4.8,0.0699999999999994,0.014799154334037926,SUBIO,,,,SIN_REFERENCIA,OK,,2026-07-29 16:34:21,https://www.tcgplayer.com/product/676039/pokemon-me-ascended-heroes-snorunt-227-217?Condition=Near+Mint&Printing=Holofoil&page=1
ME01: Mega Evolution|Illustration Rare|Snover|140/132,ME01: Mega Evolution,Illustration Rare,Snover,140/132,2.45,2.61,0.1599999999999997,0.06530612244897946,SUBIO,,,,SIN_REFERENCIA,OK,,2026-07-29 16:34:21,https://www.tcgplayer.com/product/654479/pokemon-me01-mega-evolution-snover-140-132?Condition=Near+Mint&Printing=Holofoil&page=1
ME04: Chaos Rising|Ultra Rare|Special Red Card|113/086,ME04: Chaos Rising,Ultra Rare,Special Red Card,113/086,3.44,3.56,0.1200000000000001,0.03488372093023259,SUBIO,,,,SIN_REFERENCIA,OK,,2026-07-29 16:34:21,https://www.tcgplayer.com/product/693548/pokemon-me04-chaos-rising-special-red-card-113-086?Condition=Near+Mint&Printing=Holofoil&page=1
SV10: Destined Rivals|Double Rare|Steven's Metagross ex|145/182,SV10: Destined Rivals,Double Rare,Steven's Metagross ex,145/182,0.67,0.72,0.04999999999999993,0.07462686567164169,SUBIO,,,,SIN_REFERENCIA,OK,,2026-07-29 16:34:21,https://www.tcgplayer.com/product/630824/pokemon-sv10-destined-rivals-stevens-metagross-ex?Condition=Near+Mint&Printing=Holofoil&page=1
ME: Ascended Heroes|Ultra Rare|Stunfisk ex|252/217,ME: Ascended Heroes,Ultra Rare,Stunfisk ex,252/217,0.65,0.66,0.010000000000000009,0.015384615384615398,SUBIO,,,,SIN_REFERENCIA,OK,,2026-07-29 16:34:21,https://www.tcgplayer.com/product/676064/pokemon-me-ascended-heroes-stunfisk-ex-252-217?Condition=Near+Mint&Printing=Holofoil&page=1
ME: Ascended Heroes|Special Illustration Rare|Surfer|293/217,ME: Ascended Heroes,Special Illustration Rare,Surfer,293/217,23.65,24.54,0.8900000000000006,0.03763213530655394,SUBIO,,,,SIN_REFERENCIA,OK,,2026-07-29 16:34:21,https://www.tcgplayer.com/product/676105/pokemon-me-ascended-heroes-surfer-293-217?Condition=Near+Mint&Printing=Holofoil&page=1
ME04: Chaos Rising|Ultra Rare|Surfing Beach|114/086,ME04: Chaos Rising,Ultra Rare,Surfing Beach,114/086,4.34,4.39,0.04999999999999982,0.011520737327188899,SUBIO,,,,SIN_REFERENCIA,OK,,2026-07-29 16:34:21,https://www.tcgplayer.com/product/693551/pokemon-me04-chaos-rising-surfing-beach?Condition=Near+Mint&Printing=Holofoil&page=1
SV09: Journey Together|Illustration Rare|Swinub|165/159,SV09: Journey Together,Illustration Rare,Swinub,165/159,3.12,3.45,0.33000000000000007,0.10576923076923078,SUBIO,,,,SIN_REFERENCIA,OK,,2026-07-29 16:34:21,https://www.tcgplayer.com/product/623592/pokemon-sv09-journey-together-swinub-165-159?Condition=Near+Mint&Printing=Holofoil&page=1
ME02: Phantasmal Flames|Ultra Rare|Switch|123/094,ME02: Phantasmal Flames,Ultra Rare,Switch,123/094,1.11,1.15,0.039999999999999813,0.03603603603603586,SUBIO,,,,SIN_REFERENCIA,OK,,2026-07-29 16:34:21,https://www.tcgplayer.com/product/662231/pokemon-me02-phantasmal-flames-switch?Condition=Near+Mint&Printing=Holofoil&page=1
ME04: Chaos Rising|Illustration Rare|Tauros|096/086,ME04: Chaos Rising,Illustration Rare,Tauros,096/086,3.48,3.92,0.43999999999999995,0.1264367816091954,SUBIO,,,,SIN_REFERENCIA,OK,,2026-07-29 16:34:21,https://www.tcgplayer.com/product/693553/pokemon-me04-chaos-rising-tauros-096-086?Condition=Near+Mint&Printing=Holofoil&page=1
SV10: Destined Rivals|Ultra Rare|Team Rocket's Archer|223/182,SV10: Destined Rivals,Ultra Rare,Team Rocket's Archer,223/182,3.02,3.03,0.009999999999999787,0.0033112582781456247,SUBIO,,,,SIN_REFERENCIA,OK,,2026-07-29 16:34:21,https://www.tcgplayer.com/product/633023/pokemon-sv10-destined-rivals-team-rockets-archer-223-182?Condition=Near+Mint&Printing=Holofoil&page=1
SV10: Destined Rivals|Special Illustration Rare|Team Rocket's Ariana|237/182,SV10: Destined Rivals,Special Illustration Rare,Team Rocket's Ariana,237/182,22.07,22.1,0.030000000000001137,0.0013593112822836944,SUBIO,,,,SIN_REFERENCIA,OK,,2026-07-29 16:34:21,https://www.tcgplayer.com/product/633037/pokemon-sv10-destined-rivals-team-rockets-ariana-237-182?Condition=Near+Mint&Printing=Holofoil&page=1
SV10: Destined Rivals|Hyper Rare|Team Rocket's Crobat ex|242/182,SV10: Destined Rivals,Hyper Rare,Team Rocket's Crobat ex,242/182,16.84,17.23,0.39000000000000057,0.023159144893111674,SUBIO,,,,SIN_REFERENCIA,OK,,2026-07-29 16:34:21,https://www.tcgplayer.com/product/633042/pokemon-sv10-destined-rivals-team-rockets-crobat-ex-242-182?Condition=Near+Mint&Printing=Holofoil&page=1
SV10: Destined Rivals|Special Illustration Rare|Team Rocket's Giovanni|238/182,SV10: Destined Rivals,Special Illustration Rare,Team Rocket's Giovanni,238/182,30.43,30.44,0.010000000000001563,0.000328623069339519,SUBIO,,,,SIN_REFERENCIA,OK,,2026-07-29 16:34:21,https://www.tcgplayer.com/product/633038/pokemon-sv10-destined-rivals-team-rockets-giovanni-238-182?Condition=Near+Mint&Printing=Holofoil&page=1
SV10: Destined Rivals|Illustration Rare|Team Rocket's Houndoom|191/182,SV10: Destined Rivals,Illustration Rare,Team Rocket's Houndoom,191/182,13.26,13.3,0.040000000000000924,0.003016591251885439,SUBIO,,,,SIN_REFERENCIA,OK,,2026-07-29 16:34:21,https://www.tcgplayer.com/product/632991/pokemon-sv10-destined-rivals-team-rockets-houndoom-191-182?Condition=Near+Mint&Printing=Holofoil&page=1
SV10: Destined Rivals|Illustration Rare|Team Rocket's Meowth|203/182,SV10: Destined Rivals,Illustration Rare,Team Rocket's Meowth,203/182,27.87,28.12,0.25,0.00897021887334051,SUBIO,,,,SIN_REFERENCIA,OK,,2026-07-29 16:34:21,https://www.tcgplayer.com/product/633003/pokemon-sv10-destined-rivals-team-rockets-meowth-203-182?Condition=Near+Mint&Printing=Holofoil&page=1
SV10: Destined Rivals|Double Rare|Team Rocket's Mewtwo ex|081/182,SV10: Destined Rivals,Double Rare,Team Rocket's Mewtwo ex,081/182,1.67,1.83,0.16000000000000014,0.09580838323353302,SUBIO,,,,SIN_REFERENCIA,OK,,2026-07-29 16:34:21,https://www.tcgplayer.com/product/632891/pokemon-sv10-destined-rivals-team-rockets-mewtwo-ex-081-182?Condition=Near+Mint&Printing=Holofoil&page=1
SV10: Destined Rivals|Hyper Rare|Team Rocket's Mewtwo ex|240/182,SV10: Destined Rivals,Hyper Rare,Team Rocket's Mewtwo ex,240/182,61.36,61.63,0.2700000000000031,0.004400260756193011,SUBIO,,,,SIN_REFERENCIA,OK,,2026-07-29 16:34:21,https://www.tcgplayer.com/product/633040/pokemon-sv10-destined-rivals-team-rockets-mewtwo-ex-240-182?Condition=Near+Mint&Printing=Holofoil&page=1
ME: Ascended Heroes|Special Illustration Rare|Team Rocket's Mewtwo ex|281/217,ME: Ascended Heroes,Special Illustration Rare,Team Rocket's Mewtwo ex,281/217,393.2,394.6,1.400000000000034,0.003560528992879029,SUBIO,,,,SIN_REFERENCIA,OK,,2026-07-29 16:34:21,https://www.tcgplayer.com/product/676093/pokemon-me-ascended-heroes-team-rockets-mewtwo-ex-281-217?Condition=Near+Mint&Printing=Holofoil&page=1
SV10: Destined Rivals|Double Rare|Team Rocket's Moltres ex|031/182,SV10: Destined Rivals,Double Rare,Team Rocket's Moltres ex,031/182,0.69,0.72,0.030000000000000027,0.04347826086956526,SUBIO,,,,SIN_REFERENCIA,OK,,2026-07-29 16:34:21,https://www.tcgplayer.com/product/630808/pokemon-sv10-destined-rivals-team-rockets-moltres-ex?Condition=Near+Mint&Printing=Holofoil&page=1
SV10: Destined Rivals|Double Rare|Team Rocket's Nidoking ex|119/182,SV10: Destined Rivals,Double Rare,Team Rocket's Nidoking ex,119/182,0.72,0.8,0.08000000000000007,0.11111111111111122,SUBIO,,,,SIN_REFERENCIA,OK,,2026-07-29 16:34:21,https://www.tcgplayer.com/product/632927/pokemon-sv10-destined-rivals-team-rockets-nidoking-ex-119-182?Condition=Near+Mint&Printing=Holofoil&page=1
SV10: Destined Rivals|Ultra Rare|Team Rocket's Nidoking ex|216/182,SV10: Destined Rivals,Ultra Rare,Team Rocket's Nidoking ex,216/182,3.86,4.17,0.31000000000000005,0.08031088082901557,SUBIO,,,,SIN_REFERENCIA,OK,,2026-07-29 16:34:21,https://www.tcgplayer.com/product/633016/pokemon-sv10-destined-rivals-team-rockets-nidoking-ex-216-182?Condition=Near+Mint&Printing=Holofoil&page=1
SV10: Destined Rivals|Double Rare|Team Rocket's Persian ex|150/182,SV10: Destined Rivals,Double Rare,Team Rocket's Persian ex,150/182,0.74,0.79,0.050000000000000044,0.06756756756756763,SUBIO,,,,SIN_REFERENCIA,OK,,2026-07-29 16:34:21,https://www.tcgplayer.com/product/632955/pokemon-sv10-destined-rivals-team-rockets-persian-ex-150-182?Condition=Near+Mint&Printing=Holofoil&page=1
SV10: Destined Rivals|Ultra Rare|Team Rocket's Persian ex|219/182,SV10: Destined Rivals,Ultra Rare,Team Rocket's Persian ex,219/182,4.2,4.77,0.5699999999999994,0.13571428571428557,SUBIO,,,,SIN_REFERENCIA,OK,,2026-07-29 16:34:21,https://www.tcgplayer.com/product/633019/pokemon-sv10-destined-rivals-team-rockets-persian-ex-219-182?Condition=Near+Mint&Printing=Holofoil&page=1
SV10: Destined Rivals|Ultra Rare|Team Rocket's Petrel|226/182,SV10: Destined Rivals,Ultra Rare,Team Rocket's Petrel,226/182,9.89,9.96,0.07000000000000028,0.007077856420626924,SUBIO,,,,SIN_REFERENCIA,OK,,2026-07-29 16:34:21,https://www.tcgplayer.com/product/633026/pokemon-sv10-destined-rivals-team-rockets-petrel-226-182?Condition=Near+Mint&Printing=Holofoil&page=1
SV: Black Bolt|Illustration Rare|Tirtouga|106/086,SV: Black Bolt,Illustration Rare,Tirtouga,106/086,39.34,39.53,0.18999999999999773,0.004829689883070608,SUBIO,,,,SIN_REFERENCIA,OK,,2026-07-29 16:34:21,https://www.tcgplayer.com/product/642559/pokemon-sv-black-bolt-tirtouga-106-086?Condition=Near+Mint&Printing=Holofoil&page=1
ME04: Chaos Rising|Ultra Rare|Tool Scrapper|115/086,ME04: Chaos Rising,Ultra Rare,Tool Scrapper,115/086,1.25,1.28,0.030000000000000027,0.02400000000000002,SUBIO,,,,SIN_REFERENCIA,OK,,2026-07-29 16:34:21,https://www.tcgplayer.com/product/693554/pokemon-me04-chaos-rising-tool-scrapper?Condition=Near+Mint&Printing=Holofoil&page=1
SV: White Flare|Illustration Rare|Trubbish|140/086,SV: White Flare,Illustration Rare,Trubbish,140/086,19.08,19.14,0.060000000000002274,0.003144654088050434,SUBIO,,,,SIN_REFERENCIA,OK,,2026-07-29 16:34:21,https://www.tcgplayer.com/product/642253/pokemon-sv-white-flare-trubbish-140-086?Condition=Near+Mint&Printing=Holofoil&page=1
SV09: Journey Together|Double Rare|Veluza ex|043/159,SV09: Journey Together,Double Rare,Veluza ex,043/159,0.58,0.62,0.040000000000000036,0.06896551724137938,SUBIO,,,,SIN_REFERENCIA,OK,,2026-07-29 16:34:21,https://www.tcgplayer.com/product/623470/pokemon-sv09-journey-together-veluza-ex?Condition=Near+Mint&Printing=Holofoil&page=1
SV09: Journey Together|Ultra Rare|Volcanion ex|171/159,SV09: Journey Together,Ultra Rare,Volcanion ex,171/159,1.1,1.22,0.11999999999999988,0.10909090909090897,SUBIO,,,,SIN_REFERENCIA,OK,,2026-07-29 16:34:21,https://www.tcgplayer.com/product/623598/pokemon-sv09-journey-together-volcanion-ex-171-159?Condition=Near+Mint&Printing=Holofoil&page=1
SV09: Journey Together|Special Illustration Rare|Volcanion ex|182/159,SV09: Journey Together,Special Illustration Rare,Volcanion ex,182/159,20.68,21.02,0.33999999999999986,0.016441005802707923,SUBIO,,,,SIN_REFERENCIA,OK,,2026-07-29 16:34:21,https://www.tcgplayer.com/product/623609/pokemon-sv09-journey-together-volcanion-ex-182-159?Condition=Near+Mint&Printing=Holofoil&page=1
ME01: Mega Evolution|Illustration Rare|Vulpix|138/132,ME01: Mega Evolution,Illustration Rare,Vulpix,138/132,20.64,20.67,0.030000000000001137,0.0014534883720930783,SUBIO,,,,SIN_REFERENCIA,OK,,2026-07-29 16:34:21,https://www.tcgplayer.com/product/654477/pokemon-me01-mega-evolution-vulpix-138-132?Condition=Near+Mint&Printing=Holofoil&page=1
SV09: Journey Together|Illustration Rare|Wailord|162/159,SV09: Journey Together,Illustration Rare,Wailord,162/159,16.71,17.17,0.46000000000000085,0.027528426092160434,SUBIO,,,,SIN_REFERENCIA,OK,,2026-07-29 16:34:21,https://www.tcgplayer.com/product/623589/pokemon-sv09-journey-together-wailord-162-159?Condition=Near+Mint&Printing=Holofoil&page=1
ME04: Chaos Rising|Illustration Rare|Watchog|097/086,ME04: Chaos Rising,Illustration Rare,Watchog,097/086,1.7,1.87,0.17000000000000015,0.10000000000000009,SUBIO,,,,SIN_REFERENCIA,OK,,2026-07-29 16:34:21,https://www.tcgplayer.com/product/693560/pokemon-me04-chaos-rising-watchog-097-086?Condition=Near+Mint&Printing=Holofoil&page=1
ME: Ascended Heroes|Illustration Rare|Weavile|228/217,ME: Ascended Heroes,Illustration Rare,Weavile,228/217,6.41,6.55,0.13999999999999968,0.021840873634945347,SUBIO,,,,SIN_REFERENCIA,OK,,2026-07-29 16:34:21,https://www.tcgplayer.com/product/676040/pokemon-me-ascended-heroes-weavile-228-217?Condition=Near+Mint&Printing=Holofoil&page=1
SV: White Flare|Double Rare|Whimsicott ex|005/086,SV: White Flare,Double Rare,Whimsicott ex,005/086,0.58,0.59,0.010000000000000009,0.017241379310344845,SUBIO,,,,SIN_REFERENCIA,OK,,2026-07-29 16:34:21,https://www.tcgplayer.com/product/642120/pokemon-sv-white-flare-whimsicott-ex?Condition=Near+Mint&Printing=Holofoil&page=1
SV: White Flare|Ultra Rare|Whimsicott ex|157/086,SV: White Flare,Ultra Rare,Whimsicott ex,157/086,1.03,1.06,0.030000000000000027,0.029126213592233035,SUBIO,,,,SIN_REFERENCIA,OK,,2026-07-29 16:34:21,https://www.tcgplayer.com/product/642274/pokemon-sv-white-flare-whimsicott-ex-157-086?Condition=Near+Mint&Printing=Holofoil&page=1
SV: Black Bolt|Illustration Rare|Whirlipede|133/086,SV: Black Bolt,Illustration Rare,Whirlipede,133/086,8.34,8.35,0.009999999999999787,0.0011990407673860657,SUBIO,,,,SIN_REFERENCIA,OK,,2026-07-29 16:34:21,https://www.tcgplayer.com/product/642588/pokemon-sv-black-bolt-whirlipede-133-086?Condition=Near+Mint&Printing=Holofoil&page=1
ME02: Phantasmal Flames|Illustration Rare|Wigglytuff|105/094,ME02: Phantasmal Flames,Illustration Rare,Wigglytuff,105/094,6.17,6.45,0.28000000000000025,0.045380875202593235,SUBIO,,,,SIN_REFERENCIA,OK,,2026-07-29 16:34:21,https://www.tcgplayer.com/product/662240/pokemon-me02-phantasmal-flames-wigglytuff-105-094?Condition=Near+Mint&Printing=Holofoil&page=1
SV: White Flare|Illustration Rare|Woobat|119/086,SV: White Flare,Illustration Rare,Woobat,119/086,15.25,15.32,0.07000000000000028,0.004590163934426248,SUBIO,,,,SIN_REFERENCIA,OK,,2026-07-29 16:34:21,https://www.tcgplayer.com/product/642231/pokemon-sv-white-flare-woobat-119-086?Condition=Near+Mint&Printing=Holofoil&page=1
ME04: Chaos Rising|Illustration Rare|Xerneas|091/086,ME04: Chaos Rising,Illustration Rare,Xerneas,091/086,8.58,8.93,0.34999999999999964,0.04079254079254075,SUBIO,,,,SIN_REFERENCIA,OK,,2026-07-29 16:34:21,https://www.tcgplayer.com/product/693564/pokemon-me04-chaos-rising-xerneas-091-086?Condition=Near+Mint&Printing=Holofoil&page=1
SV10: Destined Rivals|Illustration Rare|Yanma|183/182,SV10: Destined Rivals,Illustration Rare,Yanma,183/182,4.53,4.85,0.3199999999999994,0.07064017660044136,SUBIO,,,,SIN_REFERENCIA,OK,,2026-07-29 16:34:21,https://www.tcgplayer.com/product/632983/pokemon-sv10-destined-rivals-yanma-183-182?Condition=Near+Mint&Printing=Holofoil&page=1
SV10: Destined Rivals|Ultra Rare|Yanmega ex|206/182,SV10: Destined Rivals,Ultra Rare,Yanmega ex,206/182,1.18,1.26,0.08000000000000007,0.0677966101694916,SUBIO,,,,SIN_REFERENCIA,OK,,2026-07-29 16:34:21,https://www.tcgplayer.com/product/633006/pokemon-sv10-destined-rivals-yanmega-ex-206-182?Condition=Near+Mint&Printing=Holofoil&page=1
ME03: Perfect Order|Double Rare|Yveltal ex|053/088,ME03: Perfect Order,Double Rare,Yveltal ex,053/088,0.46,0.52,0.06,0.13043478260869565,SUBIO,,,,SIN_REFERENCIA,OK,,2026-07-29 16:34:21,https://www.tcgplayer.com/product/684386/pokemon-me03-perfect-order-yveltal-ex-053-088?Condition=Near+Mint&Printing=Holofoil&page=1
ME02: Phantasmal Flames|Illustration Rare|Zacian|100/094,ME02: Phantasmal Flames,Illustration Rare,Zacian,100/094,4.2,4.42,0.21999999999999975,0.05238095238095232,SUBIO,,,,SIN_REFERENCIA,OK,,2026-07-29 16:34:21,https://www.tcgplayer.com/product/662245/pokemon-me02-phantasmal-flames-zacian-100-094?Condition=Near+Mint&Printing=Holofoil&page=1
SV10: Destined Rivals|Illustration Rare|Zamazenta|201/182,SV10: Destined Rivals,Illustration Rare,Zamazenta,201/182,5.06,5.08,0.020000000000000462,0.003952569169960566,SUBIO,,,,SIN_REFERENCIA,OK,,2026-07-29 16:34:21,https://www.tcgplayer.com/product/633001/pokemon-sv10-destined-rivals-zamazenta-201-182?Condition=Near+Mint&Printing=Holofoil&page=1
ME: Ascended Heroes|Double Rare|Zangoose ex|167/217,ME: Ascended Heroes,Double Rare,Zangoose ex,167/217,0.63,0.64,0.010000000000000009,0.015873015873015886,SUBIO,,,,SIN_REFERENCIA,OK,,2026-07-29 16:34:21,https://www.tcgplayer.com/product/675979/pokemon-me-ascended-heroes-zangoose-ex?Condition=Near+Mint&Printing=Holofoil&page=1
SV: Black Bolt|Double Rare|Zekrom ex|034/086,SV: Black Bolt,Double Rare,Zekrom ex,034/086,0.67,0.7,0.029999999999999916,0.04477611940298495,SUBIO,,,,SIN_REFERENCIA,OK,,2026-07-29 16:34:21,https://www.tcgplayer.com/product/642486/pokemon-sv-black-bolt-zekrom-ex?Condition=Near+Mint&Printing=Holofoil&page=1
